address,owned
"0x43af2f949516a90482cfab1a5b5bb94f53c87f5592a0df8ddeb651fdc393a974",10
"0x9916bdf442cf710d9ee95b2e3f5e1996ee644b139616dea55c1030063e71335a",10
"0x877df10fb9b06976629ad667aaf2a5132d7e635489ab1b7291e61cdf97c097ba",11
"0x58ac372ce38c05acf693e06134ca0962e3ba8d1f7eeb5ed727dc07a71b2535f7",15
"0x97b0b2ac25594a8d69e1c25144b6ec70e63dd02897ab379ee2618cf13e0a6641",259
"0x2cdf7314ffc0643846d6dadc7ebc52a5b18280d2830f204f476775df43941139",10
"0x6f79b0c59d17da9ae9304df87865f218e9a7360e1b9fa70e175602bd62d60a74",2
"0x756f9478cf2d8b97766e3be0b60a177ca7e821b124cd4507194dadcb54870ae3",3
"0xef67f12afe1d9975e0722a0685b1dcbd8e405cfc3b40bc0bd26f3077afe75f70",2
"0xb669e6c30232ed476c5b909dee9f109b6b9d91cb963df31070c97eefa59f5465",1
"0x8ef6b73541404899e3776666ac45f4e7c200c65734adc2a5be416f3ec5dd06bf",1
"0xb9adc2650e5fb10712d7cd3677222456d7a19085a9b9d51af05ceac13d4992be",34
"0x273668ba48498b2a6aabd45ced3d171ff00e4198afbd162a7de02d3076570fec",1
"0xd80f514db35a821e54ec709dae93733c926f937f02108f0200e5e4d7183e26d6",1
"0x7a48cfce0a7cf7b6ae0e816ccdc6bec7f428dd91fd4a56f252bcf38e95a57b5e",73
"0x8692b886a48553598bcfea72a0a8d5b5a7fe3ee5098e17af448eaddb19cd9225",233
"0xf49451aaca7d088ea9017c89f6a10b30fa9b51cc078e777deb17a1331b8ca90c",144
"0x856145b50a8daf033dd286839bc3bfb6eb67c1b371882e990fcb6e77c9a48ecc",33
"0x648e00bb3cb1c828f0d9d7bc278d35df7c11bef42b6c43d654b7414a3b042011",11
"0xeba789350c9724e2487c9debd31f3e931d592ea7317517270a9cf1186788acb4",2
"0xf92cd18464a6372175818d672a77bcb7cb0430809563b7cbfde0e55f12a60888",50
"0x9b9e321cefa0224844c1ba12d91f99249d20c1b90d8e7ca176115ecec1438545",1
"0xbd66f8010697ef45b1525e7e29ba63bf013d3641b8bdb931eee7037e9f119499",28
"0xadb3d29f43bf6d2bc7025d23e29f6764c2c994cd29fcfeb2533e81f1042c78d6",1
"0x885672e6744326979bd77e03d769094746103a8a0dbd0710d8e542840ee048ff",1
"0x41d436f4f42a2841ebfe1dd8fffc83fe1264b30fb17925edd9e0c821d6dae6ad",3
"0xf749f4d5af3b888e6c5755c1abc6f752e2a42cbcb3e820c793ed82092b126d48",1
"0xf56b8e76aa412962dbbaf5ad4b6e87e2be1db7da90260ff0c00d364762989abc",1
"0xfaa29326122ef97a39eca25814a1e748d51585477f2c697ff62f102674f4eff9",2
"0x6de88c62063f6da9a96297496473bd12e0f840da68c2c2b04e9dbc2c0396133c",6
"0x75e4212509021667249e8821fae4af1cbd718ecc3b8b6cf7f730ae04a6cbdd07",8
"0x6e94f56699cc8b8dc652a5bb8652dfc1b7bc8c652e1ecd2dd7dff25525506773",31
"0x1496cbb0603c6d097038c1f6feaffc90059e634b901cf5e9e3d1ecc2c6e51089",48
"0x2560400c380dcef03ccaf562f8de53ec4b8f8caa554e805ff76516bf863222b7",38
"0xa47078cadbb76e6d0401ad9216f944215c41dfaeee23609dafe47aef090dc065",4
"0x64eac8c31743eab70365d94d6a6c0a0ebfdf6d1e471728376bd57f4798e223e0",2
"0x1de32d7b500c7d4e2b2ecaccbe0e8fee44fb25e811b95acd7ce4e2e6953a77c9",4
"0xd757cd7f53e437ae291fe3f01109692fb21d29e4655043a7c674b42365721d26",1
"0x2ed5f81a40b6f0e56d37e51a2e6b8d173a388099a8bde5792c6a010e6ad7c22a",9
"0x44d901c20ea8cf0f828505879c3ed980c776f8619e788b5b72a709e266974408",8
"0xf62c6b7f5ce9a76021bc59d15e4815645e2e111d797b22dd530e99b01f5b5d42",21
"0xb5f59df8059cccb0f4f9a55e8adf60f0bbc16180cb9ccf5d50e0c1c3e2bd4401",1
"0xbf3d530f5561dc6ce19fb05aea374bdbd518d14d0f57ab4402e618b5039d0fdf",23
"0x2402448b510705afb6d59b9f186cf1e321640396009d46287a3871e01c07ba86",1
"0x79905573d4c3f3a0cb4edca9e58f0855a0e41f9aaefa6df8368d02919797ba18",2
"0x3b6191bfed6e63e99bd2e769f2824c9f7c43c4f0488e4bc3e7609497e08e5d2a",6
"0x27b356032ba90fa872ea8adb9ab790358707b5a383b9b5f9f777c4b8282df4ae",15
"0x3d8d36f1207c5cccfd9e3b25fa830231da282a03b2874b3737096833aa72edd2",315
"0x87c9e076815e78ee63b7dc225704c428b8c51072ccead4304ae07f6c68fe1b92",42
"0xd9830416a9e82e89711e334a7ded70b8d72b3e66d0ad19f539ae62646619bccf",3
"0x4e8cbee1a8785ee1a1d1c37d8df5a77507632d282cadfd93b8d0f2829fdd4370",6
"0x615f3138387ac7eb825f5ee51516f0240f51c7ff1ef95a1f49e68626d76e44b5",4
"0xfb18d8eb7838b23c5a0844a71d00e4cf88be15eba1e6ee843ae02bcc0721c822",5
"0xfe4128d48342d8e952325bbc5ef3a29a58abe6459686e5dc1d21bd9f9a9e1dac",10
"0x6705b68024d26decdc0df8615b8bfc414e8ce045fe483518ea31a7b80505d2a7",4
"0xfe78704e0bed87a4a0163b8f311e151ea88722c0ff9685060ca872ca659012b8",1
"0x4867ae1287a5318a819a7000cfe4f2bf96d4ca8c901d0b6fe6c73a42416300a7",1
"0x106573aec8797eee6f2e25cbfb5acd932f09799651c3e8ebe63dc6d441dc17a3",1
"0xacb3b3242c8d140a125cc71a04f5e9f54d154dd10fe996041f838c369c58628e",2
"0x9dd382f73ae3a695288307044dca72d7b244a4ffa3ada08a7c1c352369d3a757",4
"0xeaef9ef1ff6e2e2df7003e61b2b8a2de65c0ef2f9f9c9ede8a64ae4d1cade60d",1
"0x3150c303a49bb035e032b5574d438324528bf3dfecbe85d111d5bf140777568b",4
"0xd864582133a68665876fbf1010dbcf6bb8bc82a4c21915f65bc84fc303e990c7",2
"0xa60d0f2875b86f5f260f0b57bb9b0fa678afbe6d19f6beb30f2bb624b3689ebd",1
"0x10e51b98107ce64f8a58d2835f133bde732d91c368a7a8601707c74512774f72",1
"0x21beddb9d160aa3c41e14fbcb21acb363e1c0a844e36cff5bd4c461e3514fca5",2
"0x57b81515d48e153d9678230ea7c3e029b9f9830a7da9b9cfdeafc530ce077b91",1
"0x1a454089f12b5211a9ed1f0293a468d2f39c61bb0ddc7abcd249c66e9919261f",1
"0xf1a4d3f5844cb2f92e1ce1932a2c8f002844728bd16e59b4ed5e79833d34c6c6",1
"0xa3c7219cfa15ca86c48bcea34e02081791646c205d24d4b7d6762f94b49bc96d",1
"0xf130fe6bc100433a37db94c5f908d2772380337016ad6a697bfa4c21ecfce5ec",2
"0x7a83985299b17a230bce17a157947e155dbf6f1db426cdef9ca3d9ea6f280f57",1
"0xe79b597fba2c9f012b26f84368b7fcc3c2c4632e2fc95cfc7be4a52294304f76",2
"0x0f820d166803af8ad793369b2c47b55455097019f4ee0c96ea616f54526a63c4",8
"0xbdb4c338bc00e739e738a57d3869f0547f44ee2ad4b4f98e46a1548f5c141b64",3
"0x78c02c766e57a065ef8edb86d7048b522662510beec4187ff8ef3a5c1e14c666",12
"0x33ac480794fc8248c94cc04f5538023c78f7abf3dd1d61f7e653523031170ac8",1
"0x935c62a67808c15927b6c508e1350f355a21d46258589ac47ca727e9f79f984a",3
"0xb36afa413adec9ce62fb67f8784091b7eba2df44e6c6fb0fdefeff511046315b",1
"0x781c90a282bb906b3fa8c575c3a3d428aa4c8aadaac4b000e406bc3db6074a02",10
"0xb38a77daff2413489d68001b97e9d831b46f1aadd9b55fe4d2b4913de10dd2c7",1
"0x5a10883d9102475d37531738fd7d8cfeac333f303570fa0d6563f80872271af1",20
"0xc85801d183c76a932d910f42cee99e22f96429eb068d38f68533a91449ae4c9b",10
"0x49caa708dc02f10046b58dd8cc91231cefc3479091a6e446f1a655ffaaabb3f3",3
"0x45b7628328c11b73964871d2c3402c00deb3bf8cbb2f2b72b6181a1f9aba8ca4",1
"0xca8229067b1cb9e75618c7e6d6203c2e7cdb90cbbbfed8935c81a90765d2f039",2
"0xf1b26d7e90a81f038346b7fbf7a08d904631fd688d2cae80d77e05d3d903e0eb",18
"0xf0d601dccd48ef448df3018e4e18478392c2971b7456be637cad1b6acee5795f",8
"0x59c590867de16b76ec8bc3d3e19b73da1a0e1c184b19a746379315c74e3c5c3f",1
"0x079fa4c53196fd0bbe98cbc2d18ff7a05d7ead6d3637945b39a094af8b2fd2d4",6
"0x921cc9c23ff5deccb1ae0fdef1bde54eed8294d6f064ac2c5e449eaa5d553d69",5
"0xc77d40bef432ed54f9900deba2d3aa5091ea7170125dde12ac9dca62ca327839",2
"0x476707a3cebe0817c8b5b72886294bbeaf724d48553d99b2c40e883586da6cf0",2
"0x59c4ad1d764584b7d5933a1251ed86c57fa814cf9751ecd15e7de7c002a49c55",2
"0x03c0387e162ce167c71520eb8d8e3d5fb93d6fd21f852bc65132c6358a38890e",2
"0x514fc95e23e91014833634b13f35e6a1f79dd40c319fa870b3cb6147611ed1cc",1
"0x0554120868d29771379472c8c9e7f928bbbb36841f1f3bd5385d8b2e1f124954",2
"0xd08b2ca53c0a8328f4d6c73c84065f4d6b425bb02b31ee599c19d1438f468070",13
"0x41f660af3d619a76751042234e2c2a04471649fd4d691c03e03d35abc9d929ac",6
"0xcda802cc94311addc4bd3dc5ed9c522ccf432c27a3581ce717b0aecaea7f8a3e",1
"0xa8b79216a981fe01018073e64a812b528e46927ee8b54522431c63b49cad3abe",2
"0xdb912ec17ef4f026af323c34facda269470b52cf163a3b56975b7371cb2ea277",3
"0xefb35897b427d1599a769a7a777dc9b2a9c18bb9af95268350c536b7b3e2e86c",4
"0xae02786948daac25054a87c3fb7ae4c142c895cdeddda78cff316cda61e1d58e",1
"0xc56feff1c07fe7e65a23ac75b8288467764107319bcd266069881a1360704845",3
"0xa94e544c9b957f0ec1bbef3f5aa626ee67966f04019af33ab3c67f5f9f79b0ce",6
"0x2beb7f01da10ac19261fd1a61fa7b9a218b2ee5e6bf8d5573b8b24894f7cfb44",3
"0x4b61c4ea1bc880ff2e86892481eadb31d5b608d51e712c4b935789b7394b0ec7",2
"0xbfc397fe5adde591b31dcc66df094cd61799305759c29eecad77d2252205734b",5
"0xfaaf44f229f81a38c9fdcf06db6f47ecd5bad67383df6bcc6badb5308cba31f9",1
"0x952013706fb819203ed6267bff1b327d4b67949b6fccf7c2fbdc27e982b41f2d",7
"0x99347be4f3318a94ce9ddb7d4b1398c5c49194c6cafdfcca2a6971b50612f005",5
"0xdc7a2acd0f52652f4c6cf23afa0d66ee0e04c4f765f4dd9ad7cb7d9444ae7095",1
"0xade38bd6490670d94c1c846dc622c5b53bdf724991908e2cdaccf3307e263f03",1
"0x1281f114dadb5bdd6dd7b7437c7e976b590509cd9f9206789169a018d97a372f",10
"0x4b02b9b45f2a9597363fbaacb2fd6e7fb8ed9329bb6f716631b5717048908ace",5
"0xed7cb178ce0009ae159ad6c6fb959e375f74f471ce4c0b24a1ae2dce3d4dfcc2",6
"0xf44112d7a6847e739e2fa50f33d1d3e336447028207e49c3ab5c0850bcab2eda",1
"0xefcb1a8eceb24c3c6c09f66b28d1129f4be5609f4a9b7735b8c31c1e0c8b3cf0",1
"0x38d97b521270689484557727441911e5d871385f754438da520d8879ed63ccf1",1
"0x9c0baeb8bbbe67f34232ee787f4958b854c36dc033accaa46de2dff86b2cd15d",15
"0x18dab0255b454a0292e6ec405485c7bf6ff8257b939c0d011007105817179687",1
"0x8f005ddfd60bab3be394c0f21f06ed4a622330c2c329ddf3b3926b02b6c88844",4
"0xdf5122cc5c3109640bee561a9d05c0c2bbab948f25c61b8c95493d06565b79d0",10
"0x92ffef1604c7be3724993867b02879532fa7f30539d8da9237c0294efae6ff5b",3
"0x3b0439cb6497e258007edb624943ab5deead60046d357f5ec675aa93c6b8134e",2
"0xb37f131819f38c9baec9b42d5c052b80ceefe4f3677d3ed8a6ec5c3d07207a96",3
"0xa8a2421f713a08d75727cfc1f8dabbe9e43b090f97fa02646ab5fabec2ddcdea",1
"0xd64895eb646bb0d578b197158599f1d06c863d048cee464c7c4460158e2f07f4",1
"0x5ae08c54a1864f53e2187cf2283f434255eaa7351fa40b54ff8e89047b2d4e4a",9
"0x8963bf7bb0d4ec150634de510234f2001a339b6d6774f890c8e1ff7d34a6eb7b",10
"0x63e0e95035b3bb8ae31b110ba512a3be964ad44a62e3f335a90185caa0f694d4",1
"0xcc44efd79fc914eb9230a2f7a317fb1d052f430f8d222f43ac206dbcd6d2763d",2
"0xceb0dc0407c2cac2022cb16c2e279a2bad6f78e2ef05f1144a96a713d754b0db",3
"0x22fe728fc2eaaf3421f7b45a5e490c08a7f4caacb7b06a49b4a98b77231ac2dc",12
"0xabbe07411367eba5a61e319742c88903a255c384f5d56c78f3c239562495d86f",4
"0xb29c543ed7ad7169441c02fc14ffd57e486b7be7177e319de0e0933453a78d49",14
"0x3235056c986564d217e336c93178c2cb5043c80f0cb25f47e304967305efe4e4",1
"0xaea937ba15cdff77634454465c14af8b02ba6e7a3606fd7be311bfe0df2a9813",3
"0x365cb43f36ef7e31804df930001a4e3f3ba0b9d8b40f11e48a902e392bc4908b",3
"0x9b6ab77049c5085280cf89bd623672bc7e732d5c1985cc4009c84652ec4e0cf2",1
"0xc5e56df8a4baf9a32b5c3b1645dbd02e5bb1f56d4696116afaa627dc1055edd2",2
"0x65154842b6898f026477a171f36373b43ea82911abc4ac33fd571f3a09b306bf",1
"0x0b483fd1d98e691fb836afe407a1440d98d12c121a076d7548ce566cd4bee4a9",2
"0x0aab659e55529c9b4472932c0107f54a34dd92e92fd450a2015106120ff4ed35",6
"0xc6cb4d4d6bdb8ee791c2122988ad8f4f79b912898b0958231ccc8a7d54b8b524",1
"0xde32f605a617bf0c92703b24c1a0a7f05aaa4c17f1fec0b0ee89171df5e57be9",9
"0xa625325b6f2f955a2db9183f450419df276fbf171e5e63293799f797bd79673b",1
"0xd4688dd56f73956781730fa19c07550bce99d46364992aa89435604f4990c355",5
"0xd6af2034c8084e211c98fac43a117c06536ce33b265aceaa2b298214b5daebb8",7
"0x4a3d2efa32eafe55db4912b6a2bc35fe52bd97d0ccd65accf7b14c61a972bcb2",2
"0x87fe811d11a8e19b59ebc79e7f7bd4ba968db0b712b46c94eb08486eeb5c7501",1
"0x26e64b60fc5dc01e4dc59ac980c6582966dbffc9b438c3b5cf696ce11956be09",1
"0x9e5ff8cba867e3be66e0ca2782819ff80dc7bc1bb7a5ea98f4b953cd40d72281",1
"0x76c57cae0f99bb06489a0f7caa879c5427f0f8a6ca489b29bd00692d3063516f",1
"0x33132b93d621b3829cfc49bb6bdc2044a175bdca97333a5374642405de3316ea",3
"0xdf283f7bfa1fe9df7ff2ced6cef12606748c2cfc38942294422aa665489ba8fd",2
"0x1bd83e74032b7ee26a61fa6ac18f445bbe07bf808b4d413036f65cda445ea9c4",11
"0x6e640286a4c7bba6bce33aa852befd4169c86cf22d9beb23b469068de32719fa",1
"0x1de5e8111474e7966305ac77def8eb68680882b7e421634c4bd40b8e85caeaa3",10
"0x9b4a4374c76029a1f05e5b8110370ddfb2c32c8cd36a252aed9e16bc25dc83b7",1
"0xc320c17703da07c114fecd46f1a05a6e27ca3baee221d5c4f8da0b04aa1f9d49",1
"0x13b796e9dad082839ed313308ac7979ba4c765699399d5010342a9eab32986b2",9
"0xcbc5d4a2fadecdec37bb6c71fbc4fe40f41e8d5151c99ba1207fa81855f5cc2a",5
"0x3d6494fcfe18286bc73b7d88560fe7e3b3f2ae2d3c17812d493dfe92ee93b5d1",2
"0x156260a8a0bbb58422c62ca0bc051467699d7d861685d255eaa4bf373ca0ad1f",2
"0x2caaaea402bfe98a678f16e32abaf8e8972597903fea0fab69203d833b260f56",7
"0x36086de07a52aeb5ed3b3814066ad677cc899192c795b9614d88be8e097e356d",17
"0x15c9dce6a3a13a1fc5279d612758a22444c8f333bb6a0ae726552a0df29d4d80",3
"0xa6a045bac8a4a799b8cbdb66ccc1d72266ed256fca50d294b482c3b6dd58de5c",12
"0x59db2c0e6fc735d89c8c99fc0577adcc5a3cd4427dbc02da906690a1ad5bdf6d",1
"0x7449bfd907ccfe19e30f1be4ff03b1ca794a99210590d67917b8eba8b3c6d464",4
"0x4e1ecdfd5b4b28dfbfa1daf3389c9121e6f02b4eeec86736f0561285ee26e5f6",2
"0x9f5fa71bf10ef8eece9aaf2144baa6c397b6e56f17cdbd28488fe0fc39e5c469",2
"0xf1f8a4c101b5540bd2d8769ecda245007496fe70c8dc65e6d516d58fb2746b4b",2
"0xabd4fcd85a5f172d413681ea5ed849a2ffb7e1b5b912ef1c3cf24e3c21184eee",1
"0x418451dacee985989db8e0358e5e9b89ca42c63d75f01aec2089ace37e9cb3a8",2
"0x7399775447b2418d49894d10a45f9f54222052fabaef87d724b9d0dd0b1b282a",1
"0xb7f6bf0d42322572c4343fe7c172440cc5647e0da17b16ff6dbe48716e2b9971",2
"0x6395bba59d8f24c490998bb070c31d599ac009a4219fac739fd16a7af4f0c008",5
"0xad801889961d0e4de2663d05640b25072716a2fbd4a6fb50ede82dcf9ed219fb",2
"0xee210d9ff5d363b44d12e8c58f351140540e170f70d11925d0408f9fffa52c7e",4
"0x74bd991f694eb5792c10c3715a125629da67a0494e95b299ae23264210a53cf5",2
"0x38d4b44de6ed845e98652abfbb54c4ad7f7649b5f9eacf23cd440590c21c930b",4
"0xc51c0830403d0f27ba7a81176c4b06c8d8d751982d517171250dfb300c0b73fa",2
"0x4fbeabcafa4abe5278557636c0e41f7bf774cd85bc7c3184e0111d4c51a72863",2
"0xe3dba0749c32a67bd6eefb4398f8f2a2a5183ec16da04101e7d19348a31f1618",2
"0xefd0c3f0ad6c6b5f22a490b0e4ad360a870e0eaa17934f32c6f5488d82ddddf1",1
"0xcf3ed4d49d4dea20d70b7ecc9159f7eb258d7d11afbd43f23fafebfbc26ced32",2
"0xc74a34ec9bdd1f4664d994bc8bc4979465434c1bced61d0db340843cc09bf3e4",1
"0x7f9c74a94069e980195fe4b75eb75b0bfd4f91d008da8e8f99b019fa135c7df2",1
"0xf53b3d61e4a5a4270a87febc6dda16293d8bce00fa0a6ee9caccce27e1016ccf",2
"0x6e21438df0e882ac4dd323fe50de4f4b0f86355571d163caded8c6e06794831d",4
"0x549932ba29bdc482e9485d87dab3272c6da208d7e062fe1b0a3fc280da8751e6",1
"0x335cdbb7ac3692dada6acdff609706c932a57e2352b57700565f71a0e7ec2523",1
"0x9cb91011e95d782821a24412223ba647d71fd2907015735b80b2d9e88d84b398",13
"0x9da2a745974de03ef76cef60a229f3eccb54677394de69393151a3624869ba27",1
"0xaa67f20fb2a6db808cb91ff1147c5fd87b9536aa0767e5b8ebfd61d24cd934cb",4
"0xd2158194f6c5f5fdd52ed85aae274aa6ceb25f1d56bb4e04a2280f67a64ef5de",3
"0x01880f8cd5c102eeeb47477898f97a06f23fd6da07c13b858ff6c827cddcb46f",3
"0x8fc3d55e168213820a03fb44880566238fa0cff9c02f2798330562a16ccd3b04",1
"0xd2ae9914e82fe8a381ea2877e915393150bcb02c5f9120651b68f0a0f66d5cc9",2
"0x3e31960da39fee3bfefd2282df564217717c73435bfd112c8640a9ef3641f354",4
"0x7ff08dec292aad0eeca333fbc198005ce0d9dbd3a5aebf199cc3d832f5eed568",2
"0x9f4676d7177b547437f03c006897717b300ecab07f8c8619102048b2c92af0a8",1
"0x1656ed7d593951e46315f80bd97c270d0c06cc46065b0dced8ee7dfe6e38198c",2
"0xd46683fd35f1581d70f3fddedf1aabaeaf5bfd81a5f6d2d1d5b2eb87fff3f8cd",1
"0x65c2c6d01ab4fe51ddbfb0acd896cbd57fdb96c088a78591e100b5564cc205bb",3
"0x99497af296646177c2e8e842ea723767f528859c796ac7a3c6dde73c16fe47d3",1
"0xaf09d6a5282ed5fb4ac8175c9263aacd24942f309a83897e5977400aec715af2",1
"0xb871a42470b59c7184033a688f883cf24eb5e66eae1db62319bab27adb30d031",1
"0xfb0544dc07765ddd5bde97dd3f484ddf028cfcca3fed97b0c9253a81787ae214",1
"0x99a9e56fe9532c923dc34e5268b16206d33f4c6fc1cce398f0e0b6e8de0381f8",4
"0xdbdfb6fe79596e7d2e77520c37f00770a180fd0964d5dba6a9549745b8eef5c5",2
"0x3956a4ab1f2d5bdc61aaff541616a567ea25b9719b8c1f76ce5537bf682dfbdd",4
"0x75bb2ff162e36729bce5f6b40aad0fc6bb0a608a88af75365db16ae7fc397f2a",2
"0x56c9a128e9eb14f15f9a7f690ef47980c39fdaf4745163ce3fc38f86d068b856",2
"0x77b0ad59fc99b1c3f54b8f0a5dcb1d8276f5366be4e0387f977015608360bcd3",2
"0xb30bc6b9a5c5dd80a8920a28aa0bac6d97dc2c504dde04e68682353aa963ab67",1
"0x29192d49b3c26ee60b31b09a52ca421bf4f753ee91ff3a3464b2d6cd791c6d86",3
"0xd110495534fda1b311156c2f8de3d1fc8a6f8bc3fedfbc0a2a1186c45d72ff55",1
"0x5a6c5953f8c60f59aba0ea878d49cbbc01c235dce423d9e9648487f1128294b5",1
"0x13139351568dc1f0d7c192b81d24224378992f8091b0c5ce92b8120dd088dbed",2
"0x899377fd2e74fe5e946e5c0b4c9f181b720695e774679948ac460316036dda08",1
"0x89f13fcf5c7c9bec06a55051c8cdd07bad294d43515f86897d2849bf34bf1ffc",1
"0x2dde595497e3bfd386fb4568e4a58e309401f8321c79894bb6ac467123147f43",1
"0xacee882885d9ccc6ce92b733c992b4a3d2b2dd2a3ec6913008610c6da4dcc114",3
"0x49d68d157f9f8a496a8b6bb877c2c9c7e41d56e6bc16e0f7d3bf577240f02f0d",1
"0xdb2782dc8e95e051b9d1923d814da6d233740e285f9fd5d5b35eb457463723c9",1
"0x60e632e006fd94c550e9e6c250df25073d01f87a3cbab041017b596a57cbd91e",3
"0xae48930358020a5f4ecaf123561b83cfe04e0ba9f7974cae1b8fcef7730b7054",10
"0x9e7874ef683bf2fa86c1c557ef0816de7d87089672adc02b3fd9678f129e13c2",1
"0xe2e28f9934a8e0ec3590985a58dfb0ccc2193e5dbfc4b94b84d9270befff5388",2
"0x6ac91de4604a194f4f6459250e8f30a704cd3dd836118137bde7e95260781bfd",1
"0x6c31e4998c03eaa832a26213b1e628b68c343a409daa9f33b5049739c27cd79c",4
"0xb88f39b45a58e4ab1d302f13bb81764d28058d1f859d5d2a81d37d0e62403850",2
"0x2c89e9c64c968d8348d169b5f4b80b683adcc586a0600f239d50a3dd25ae8afb",3
"0xed5dfcf4f141f8a999ae77a461d9a925927adeb8bfdd4c87edbaecfa7b0b0bd9",1
"0x963b896b6971c08f593b00e5a790415d579f1d599f3128dadd5cf0a3253c6778",1
"0x47ab00599d8d7f64bfd0cf306835912449b5a50fe64cfda3294b51e1d3e2a714",1
"0xca57239a736d7789fafc6a7aa1e46d15af0bc1107c803af0ffdd6f7f32b14d11",1
"0xc9c3873db07d9d01de0e614395f66216df6dd40be92d962dddc0377d0c513482",8
"0xeff7a61cc3daa67b84a1674c2ddfc4a9ce93bfc5106e63100e10f5e60a7690f1",4
"0x655b10ed73bebf45a96e910ecfd159f276071b944dd1e84137bc22270e73119a",1
"0x2105aa3a0456e9082ab653d7f8e32c2d61fe6fe2dbc6b9285f9222768d129af9",1
"0x46498dd0fbe54eb87a343b915dfdc6bc563699958e29e598374e6e05d2ea8f15",1
"0x7f122b9183a6d5ffe66cff3af05b5656cdc8ab228264119c97feed874ca87bfb",5
"0x6f0ca54f57ed2cd0cb1f066fc063d9d21a05970444f44e68b02305b4fad9c3cf",3
"0x12e85865d49e82df95f1e561a3f4c34ec676bfae23d79ab26396d3da6f9ebc98",2
"0xa20e6ed6ac0b9b570ac16ecc69040ccbf8f249e5cf8f1302eb2ba2bfd943f7a5",2
"0xdbe0d59ac5087532a430a879d355e9014dab597fed180bf4f6cc6cebae7ae29d",1
"0xc3270fdce02641b222179e8be357e4665201da9b95edfb6764053b5733ca715e",1
"0xe5287e9e33192017f005fea9d17a38af29d0e317b884dbf6fcb0473b52f435f0",2
"0x096c9293eeb875583ffc5a81310062038e807de7531e08a0feadc4b1d1223570",2
"0x9cc895f2b6ffd6f120f17622cb45cc75f9a3b960337f36da48ab45a1c4d5f4c7",2
"0xf616641be44eefc283ffe1d89c00dca06df48a3caf0fa1b97c28d4fe36732972",3
"0x5b7fb9272f5e4cb98a8a0770598d63635c9b5abd34d35ceba7570a20e1896691",1
"0x63bd1c0333fde5629e35b9027befabe622169ec22c23d1fc031b3e41fb1adb9a",1
"0x2a3ab23fcb05ea048e12791de255ab3a7035ed6e841f542fcbaab55821f8adf3",1
"0x96fdbaa949f44a0b66ef9d5e4b3160a70659119d15099191086434eac6a5f679",1
"0x452e1a6756c196527274491bd6f2736694b85f41a2c645abc53b550ca031d43b",15
"0x8a79007c8168c4ef5986e0377516a3479d2db35b5e3829dd835934c5373f201a",1
"0x312480b61405caf32a0c98e8f734d2174e0d196e1073f1b399d84956c55990c2",1
"0xfac4eb174aa0256acc2f176a6bf5f3b6fc3305929fde3e0a8fcc5b9bac645800",1
"0xe0eb08e025abecc2cf9d3dae1db95600de655ad6a6134a2119a4f688bef181ec",7
"0x2f989b14929f4cc15663e958d0f6cb2416411a3d23aeeb47c2dcdd26bbeea608",1
"0x385ea91655cc50b16590c131e5f28071002dedf4f3d8262a0ca2cb2e998b294b",1
"0x0f7ce6779df6f7512849917991f13363568f77c736d94f8158dc883cd5c8f7f3",1
"0xdace304856fd08b3152323741f94fdb6814ef3f3158c509f64840a7a59cc05d7",2
"0x42824c6eb62fb9990eab942d8d8fb1a04b892db42db8eb112163733ea32163dd",1
"0xf616c26c063e86cff61a00505a9ac42cf6ec1ec3f03fe5a097b9ef1eeef75d5c",3
"0xadcd3c4ba30cc4ab9af50db9102bbbbfec68200307ba1060caadf2369af95f61",2
"0x94c0c9c057ca450aae2a509f370efadce0af150027afeb33358f6aedf0ac64c2",1
"0xa2c83a5ec86788b26d46487ff8d945251ad9bb3fe031467527956ffe6d032839",2
"0x2f5b27125d33958b8881032d942b8427d69115d82283f686c152fb47e9c0c98d",3
"0x0760564b88d4d86026aec8c4b0ca695187174ac8138cb9e9a37c7837546039cb",9
"0xf0a345923c95356526b4af4ff13ff986cfb932d9330c5b84e11109899c28257e",3
"0xfc5de41482801b96165d66142ff2baa7beb007adeee0e43d8ce609df39ccb78b",1
"0x52952cc9c9d5f51f34418586c61c87c40597aced6e6352686c45a6d38fd8507b",2
"0xa1c1582ec0f2ee6837861bd8a365ecbea31a72b3ad6286c6065ea82276146cf1",1
"0x7cb6c67df2fa4d3068c7457f86904885325945170b0f244cd36b89ec1108b98e",4
"0xd6d66cc33abce6710fe38936f35099f7a98009e1cde89d118bda0435f48cb1e3",4
"0x3b88f0a79668682af6b135000a258c74e51b07e26e1ee7c9e725979f2648ff95",1
"0x972ee5cb7fa6aed86205d5538792e340a4f7e348a6307efdb74a8ea50f9d9d5f",3
"0x95f26ce574fc9ace2608807648d99a4dce17f1be8964613d5b972edc82849e9e",1
"0x7ac44eb36f6665c35a0a8575efdffed35c601a2ad04a6a1268588eb77bea6c62",2
"0x8da87101004f170da8b41cf0f6be3fbe014281bd25cbd0c72e1a8e1a67ba7fda",3
"0xb1afcd34679a3c1d01f1791061e709b36a4ab4939068d4df83436664b02b7707",3
"0x455408a686f1fbfb4e59ddd989accbbafeb71aba398736e7a1a56951360e79cd",1
"0xe6303c4dfbd0466869d7cfe37ff2441ba7ba51bbc095de391b325cbdc9fc1ad9",1
"0x6e9995daffa30666dc1e02f41a9f18e770e842798c8d37df429ac57f06d08e8a",7
"0xf64c0c61d5742c1ce86d1632e5d857fac1f2bf166f19c5a7fa13b30ea5089f01",4
"0x831c0d69867be30a7b8e0640ee3f6d665392e8019bc8b8db2674980b2f05034b",1
"0xf97c4a5e3389a2d67bc2f0264a8184b9e6c7cfd597a3e195f0ae8a49fa3f7c33",2
"0x191d4adc61b5da289ecc117498853fe46f278cfcefddc0a17007bf70ba246984",1
"0x0663050e2e24e264f41e502b11d00dc385880b92377120ab236c0b9b65406863",1
"0x51f22267c39b9c8dc5827b993377e4c45500fc27ab2bc856a2ac836ed54168eb",3
"0x054bb6bda7954d4eeb97cfa741160457a51daff578241545e7691988ac0c8c34",1
"0x63ddb13d11b4c26244bb84d87279f621d3a60f58abf47ee49b6ac4eaf168a89e",2
"0x4fbd4a956ad0f98bbd5326116a4ddae8b6797ac66204de77783c9cffe6228b0e",2
"0xa681ebcd13c3da712b2f9c78b6ee2a5d6884bcffe64aae9e1a1be292117c186c",3
"0x8ee77a9220ff772926f4c635a814fff71fd5c8171a9661840172b6991e7c79b1",1
"0x68ac26e431ddc9b94325e7c3b58c123ea52c4a4a7b4318a7c61d736a58c0b798",5
"0x0d9d140a476a58c0730ee75a241ba013ebdce9836de91a02ef1fa82a358b924a",1
"0xbd1c2abc2bf96e73ad6a740f0d9ef367a3e6ad8b06b114fd1f426fa6ef653a5b",3
"0xc88d057c75a9d64ac3760cd2e35fc5314fa143eae74dc419de07a023b04c87fb",5
"0x1e58fb0496dafcbdb94f173261afe2040b445a111b2ed8e85bad53b668127d83",11
"0xe58ccb54998dacf95c45f3a02faddb440518edfcdf62b161fa7f2746cc4aa706",1
"0x746767e4e22ae1ed73dcc7872a625bfacbb540646cacdcd1f2290da09ba14a53",1
"0x89b1d8d262f13c7e609177a39d98e03fe4721a28ff96d39403d3e3a2ee5ac82a",1
"0x85c593558cf5751232bd3acbb24eb1fee1981e9abfc0f12f706dd95a5288b72f",1
"0x3a019266bf178a643ec546d0e7008f1bd7dc40f79b77f5df0522e9bc3942c049",1
"0xdc8d34ac4169356968c755e786bf29445bb00856e0ac35b05331b6146875c600",3
"0x2154eb720e24635e8ac652ea3ee747fa8f3fa64e56071b14a59cf69660784f2a",3
"0xd62fd2579da8c93ef660a5eb7f1667cd8858db000f530ae1083c629fb564d4c0",1
"0x4b8b0a085dda5487f301f9827101dd7047be5b70ddbfdaebc1672dd52c96cc36",4
"0x5ec1bc5530a028579ce9ce96c210d47d98186c700dff2313b946d602758c91b7",1
"0x3c7c1e89119f7e08dc808c588014a50419e908f1e0322b0d1cb6c007aca7fc27",10
"0x4bb141100ff650de8fd26a2fba382055d7638be79d44d3323d9a38d0eea6fc27",1
"0x838f9977700f7f3328d6fae0713f3db19636a4574f25c081f7bbe495ca4a3a65",1
"0x36b7f7de1abc861ca51b4be797e66c0e6b0f70238754676cedb7c6c827506f2b",1
"0x01254f622783b36f7afe4b4aad0cce90fa8aab8d1f7c28778563b5d570025f63",3
"0xacb7cb045c3afac61381cdf272cd24ebe115f86361c9f06490482c238765aeb5",1
"0x6b99555edbb71ca769cb05045097a7becdbf71ba6d0a8cfd855a00ef12b40cfd",1
"0xf6e477dd052c7bbb6fd2ad1588bb93d9d87277e1ee05862a2519274ff1f0de1d",3
"0xb5d61ee4f9c69036a68b2c4dc9093f96bd0085a6fc8b10cccbb920276412c769",1
"0x534be73ed476f6cef5e952986628b79e51d429f8aa0e44dabc07e1204bb4aa56",1
"0xfc5ee60eb62754bf67ca7269d494138507fda7fbe53ac3ce6962d8ae2b7540a2",6
"0x431ae341400eb753286870b9c40fc648fc3a8a70dd6b9ef543d69ee6e6c69072",1
"0x9c03deedd937470cba60b58a4fcac8e7f3908d48564cdbc89deff889e131c753",2
"0x3ce65c03642dfea704a031b28fffc850a6e3def8ee126ccc3a209f5314986279",1
"0x0be041b704e86c7c5c2ae2b21b814705d1b39b5a0fcb0d85ada03738f23cdace",2
"0xd743cb4b79fd2596913c5e341a7c871e769c94972f439abe49bc2d2b8b48487c",1
"0x7c851cc2912562448ace5f10800458c10a547b6355ce9c4c5df387adadd845a6",1
"0xbad43432ce9de3c8a0859ef30b13f6b200ccfdcd1e11183ca60c61e9a0760ffb",2
"0xbcb67a50266e83a392f058747ca99cf5cdd299e39d7bb04fcf5b7f8e886351ea",1
"0x9a509cb57768bdf14752a99af710277c57f3b87426de45b4a1e287f1769d05a8",2
"0x03fe072c468f604c077972f7174f70a1bd85e87e2dd9b1466143737b874e024e",2
"0xaf24e5d52f889277c5450791f32ab44aa2aab85757b4b8f0340d090f3160f54c",1
"0x3b0e9f46a1cdf408d9c11a11067aa1e465dc6cca2a0330a37ac3b2cdc2f545ea",1
"0x0e216876dbef2e9d3ca66700a49f13998d209e9066752a803df6333915219021",1
"0x01967a783c5b649a6ec16119b04df5f5a3c0b7c918ba65c4f9182dd3f7d5335e",1
"0x23b48021f741449e63bfd8961b8ef656d04c3f984c5a67171b8da5d5e6876c06",1
"0x5b474793b0a6c48177244ebb4995465b7b3affbf4a5408a2590535b69ba46256",2
"0x31a3df0e33365ec5670dd92d70986243f9ef6502b3ac17bf3f60baf1c3103cda",2
"0x08fdfa6253f98e2215ca363a69a6bfbe662f660fdda5ef109c7776dfc9bf81ed",4
"0xa4ef47f2b89b7c32fe2927d0025719f009a9fbe3abb134baf4160a5c852770fc",1
"0x9d1c1c3db263c1c3ca9261681dbd05309777b740003275ccfaa2ecafa4d816d1",1
"0x90f31af0ba6f2cafe5ef3a3ffddf40c5e3a35b29889bb356b7a80e59431d68f9",1
"0x9b731c388f4cd175d6f37ec60b9bec7c7aaf141c3a6ccc5d4c7a712b31f0888b",2
"0xd7e1702f64ad5f83cae1a198d6f8a71e7e1723e1c855e73b7e1877a4777e7995",2
"0xdf68bde6fc91ea0d255bdf86464a53c0645d232e254b34b8ad7cdb38b4cd2a96",1
"0x5307c204c9a870d75c66e73b406f5d67da74d656769eb9d95607deb45da424b7",1
"0xcaaa7830e4e01c2bb3217ab0b50aa803de4f39126d23ef757ca5859f5bac1eff",3
"0xaa8dab048a07829bff9b8ee470f2e78d4851be016efb5f239e988bd275190585",1
"0xdf16253bb8d59fc2ca7f8eed041dbcc0f858e5d62da839504f686301a25801c3",2
"0x6c5e2ecf7cef86ee7aa4a3c9c55401c96e2799bdbf4c54d9b41e6b591da3deef",2
"0xc41936c527711cc3969c815f178e7125eb46084a292a0845b8a841e957a534bf",2
"0x6676f8f1576988f735adeaf93772a86dc96c4ca4660ba301db4fd82b5afd0f12",4
"0x5f1e9a30962b070ffdd9872145ab4dc797c0fd6b76777f48762d441b0a508391",1
"0xf1371a51efc72e117a370e59827f4369838c2d5dc43ddffaf4d681a9fe9d23aa",2
"0xc6c4bbafdd5521064982a94a16c5a38d71ec6a48950ca154eaef927d3976a2d5",2
"0x40061c709edb896ad029c500de2aee3ef58a062a4b3bd05235d5ae3df6586d8b",2
"0x243fda7f6d4662e5a3b2d47807f72960c8ef92a965ba2838b902cd81edf17409",1
"0xde69aa0f4bcf1c32ebae046dcd3c4c000e4c75668bc34a72912d7691cb008765",1
"0xb1a40a5244a51b72472ca2d6d31f397cdcc80635221919e13ea72f622d3e9456",1
"0x981ddb8c3562faad5787ebd79f89e301c37051b3765be1cd60991791f0c37c26",1
"0x96d9a120058197fce04afcffa264f2f46747881ba78a91beb38f103c60e315ae",5
"0x261cfd66705d099f8797da152375f99a11e043511a9bd09a83bce1b1b787f819",1
"0x9a939e20285700b2252e413260da8fa5ed88417beb408baedcb035ca89ba74f0",1
"0x77ada673e1ef4ba60766b06fc79029144ae72306231f885b56f5c2ab9e3b3b56",1
"0x05b5288d0dbff7c8f153c7ae952140d72b3d4d2c82f436bd3feb6921d372a11a",1
"0xddd9a5904028c162091b1632be873a28dd31d421a20060cfb456b8cb41c690e1",2
"0x37ba0e3e03115d69428c1c8be167baefca91c8003ac7f5813acaa236f46893fc",1
"0xe4fa0f68560d7c24d0618021ece37d1c0630ba5ac1aacbdd534378dc02c6aa2e",1
"0x34ef00441a481568474b793a573bcc5dfb449c0103d3f976f5fade09dc351f54",2
"0x3a83e0e64ff576428523db8e2f5abe7ac3daaac18b92eccd9dd6c703d08703a1",1
"0xe6e494d014eb41edacae84bfc5893ab5616be246064d52b452ba88828a548b8b",4
"0xbeaea78c49be719fca83e3ceb812795727e073513714d772512fa73655a113fe",3
"0x178049a9e12680fb26d4ee72340dd08c6dc1ac731bcd3f1392caa8d7640903d1",1
"0x2138aea23b02fbdc9622a6fcac192b703622efb108e5093d5f5b699a79035eda",1
"0x1cfad5995509c07d1d0b20a2ef9020fcfedab148334e0f701fae1ff1bd79bcfe",1
"0xe9325c8d60f04a76fed4cb04173e05413c3965252da0309e9633afb8259f60d7",2
"0x969ddb5cad4f14762f725260ee368e45d3c275185c286b8576398cdcbda8e5b9",2
"0x8c89b6a96c2b72d15c758383cc4c9c2c6d7aab8277dd9579c4aa3f0fd7931c18",1
"0xe55a68f95cecd17ab73cce2a981fb399e0fbd3617f9c00f210f6cf3c09a5be76",1
"0x5f29425d0f7ca2f635daab808d77ac7a9d0f1a523bf3d26e6619e536bf7fc1ca",3
"0x14f47144c2c22be07658b79ec094765741ee3d6c8968ba5211735d980e825289",1
"0x3d9e717193758b8d22ae96a52c0d509f19160edbd4d8402a95ca496b510e180d",1
"0xfd24b7cb25d9edd9eb73fe85601359bdc10741baa95d4e63e36b0916c5348dc0",1
"0x010ac247d4b9f8fcc9704b53b4aee5c4b00c3263b17bc39d3898ea802518bac9",2
"0x85abc568c1be7235811e1d05ca0dc4ea6e2b6adff26d785e98645beeeb9054f1",1
"0x9844b259451e34cbc421db522434fe4b7c96955b11d57ef9c78d28dad0fa88e1",2
"0x75cb3538b962d9aedef11e71c86d1dd0a89f5c8057eebcdb25e8b6a9752f9441",1
"0x304549fd3090bcbf94c63383181c176bb2bb7060c0bff335d385fad6b5bebbf4",1
"0x3effb630e42e4514f262733b3d610d465ff61fc52996499f5725843e987262df",1
"0xf4a6961e236a46cc571c5bb1d55361a0e0a512b3530a867741601b4f65bc5791",13
"0x5c22733d496e38828e74ce3c361ccfc5fc566f0fc9da7e16ee623543ef2b6b9f",2
"0x9d4171cb087b129f5f999d44ea4b3631561eaa7b34338ce82760fc7119de868b",1
"0x0f544643a130bd601e5c501b1cb2836ee14e9a9c657aaa14498654a1d5b1eab0",2
"0x0d28d4b80e9d4879727f1857dd597bf40b569055ba2c1e546df5efe36710bc2f",2
"0xddfcce6d19969445bd3d1f1ccd0af5d5f3804888d8da98fd67608f88a65c8ebd",2
"0x9b43cf713429a90c4eb7548ff71048841dd853c566913c8a82ee91960cc2dff7",2
"0x437d647ffc61c5edf975f769dae9fc90e52d919eb1f4c65eac53fbe15e7c4f9a",2
"0x79336d6cae29b9a03ed89093a9e0669dee1600cde30bd39c42fd0603fbb3f08d",1
"0x8489232460443f492ff105d3cb20643fb2920ddcbe48876bc5e92d55391faf70",1
"0x9fbab1e1480b515783d22af3270c2b1e59d858eb4d6fcc1594a3685beeb58c4c",2
"0x16b18be54609a71dd71ed2399a2a8889ff6c24bbf32ebcbc21dd8f8501d79cc2",1
"0x907325409469b341f21c007f53e0d4299f259e598430b7741d616653f0e2c11c",1
"0x74b7e74cdc65f4a52fb7cee2c95776a6af20b1cadd6ed24825abe37136086fad",1
"0xfeb9c00505274f1ca8843f41d30f721e100ec10ebc97594021270bf04c147d00",1
"0xd38cd0bec541a88f7859756c2965779cde94dbcd55bd07a1d83fe8b16872e0a5",1
"0x5833b26ceec551c4d03e31ab394c3855979098ca4abf3e2206959bd969cb4321",1
"0x97bc453dbf77726a28a8911c28d566cdf770f606ce9e0ec237d5b0242dc4ebb0",1
"0xa834b8cf10ad975691db24f2041d801188d4dd641fbffb4ab91b053030857c27",1
"0x64df63d1c341f9080aea8506a8f0b69c11fa8522923a529363167608367d3d3c",1
"0xf6382a008fe58698344dee9d851fe7445d85ae9eca78aede836f5a7bce715b35",1
"0xda5f79c6dd2203d47d394d75c77645d14bc1248090f81bd18c7d2bf64c6818e6",1
"0x50e9c37abfeb9474884b1dfea9d81ba5ba6196f9ae3391e2d764490971d8ebc4",1
"0x25e14abdf9b16a45dfeac1a8867882d7ba7487d345cd073254b47a943d3c3592",4
"0x08c18413edd5e09819953f2fd6a00a83aadaf6c15e2174fb3801432c4230b555",2
"0xf581280bbefd6fa9aa1ab0462050d186f4393c1eb6de168e2b0ba3056ade59a4",2
"0x15383045eeaa52b2b1df286bd3ebae38fa6b3beaee3c6ca0afa7642c4ca155c8",1
"0x2c4c0bc6386511c11fe179394e9f899e1eacaeea5ed9a60c3a526c298092d6ea",1
"0xe22afebc7f8f700cdd6ebdd59b202ec7d1a4f23b30b0655b90c7153e98520ef8",2
"0x1664dbadd8149e0de9fd815fa993692453d2a23ee4197fec70332fa797b36000",1
"0x450aa1c0a094251880d11800009d0621cdecc854f83af2e55b0a5bfa27ecccc0",1
"0xda599bce2ca157ac08599feb30971900d94034d5adf239c57a98535e63c9f99a",3
"0x804158c3c335386154f89b79c4c903117fae298919eba248d071deb0f682543f",1
"0xecfda89310820121f13fbd5e9e42c0a49860ec1b9b91d3208748edd971d41737",1
"0x83d24c214a2cd58b7db97d2939f1363568c4e8345b185968b6ce63f185659a76",1
"0x5594a8397b5d373a7fdb887844bd376c123b3bcd8ae9eb790eebaa4a9b24735d",2
"0x1c09e71da2942082d8de46f6702e8c65ff8dae4ac7706353f5e7dfd2c9a1d0ed",2
"0x260bfa27c2fa56b6098262766c0be41b7d36621199a824468eec747914758b2f",1
"0x703a994c172f62e782aaa29fd52787f32125fb322a0ad8b45e74ffa1d8d6e5c1",1
"0xcfab9630428513ebd2f39dd5e00fde44f87a9f6fb968baf9be0baee64c4a4eb4",1
"0x12e00ed36134c0ceebc77f1e1ad093112b4d3bbf1001d49792f43ba1f9abea83",2
"0x50a6d0fdad823bf7414147a44e59717c0ad18d9e6284fa80b20d75a18cec1995",4
"0x3c9abe9517a7bed72801d802f0215a67d82c29f96ccc7663c5b41853d382be9f",2
"0x8144020d2ac51b50f6656cb7b0a72afffcb501d99d143e09d02cbf81c5d41e86",4
"0x2351c5533dcc5c827ef053e058d9daa76f149d435dcbe455e9752752269c18f1",3
"0x10eefc7a3070baa5d72f602a0c89d7b1cb2fcc0b101cf55e6a70e3edb6229f8b",2
"0x9c21fc706b1453c1bc4255bea8c1b87f041afaaee7c622c98bb4178843f04ee2",1
"0xc5055be27f54b2519b2a17012b61adbfba121dc9225b10a662b62eef64baeaf6",1
"0x4d67b51b7cf3a436072daf41b56b54151054cbcac57ddf328bcfd0d12a58ab77",3
"0x7f0a0efb500f4154fe7a14c221378133801c86947d9c6be653a58474a482844b",1
"0x701e166be37db9555b70caecfb6c98a3b4691e084bd2fde5acb9880f81d821b0",1
"0x0c2e945d48b25451d146f2ba4d20943ddfc50be3ae6dadd82d2002c2299e409c",1
"0x0203e541a2cb5022e0d66003a83062b9bd6e43f20b0b3bf331c450c0e192c25f",5
"0xffa6f835f435d6ae9671e1d48042ab9192a53081f21f2f08591488812474298b",3
"0xb737c9c6bf4d42ebeb68c67dff2ea03a8cc82fda24067f3eaf5f3dd627a8d866",2
"0x79ecc6f239fd5fdd2a3b51dcbd9c449b52e7892ef2d6f59c82b582813d7fb69e",2
"0x12a85643e816a30511bbf1ab7f164f5d5d85ef0aceb49784eb6e1ad47cfcac60",1
"0xef395ecabe86d4e7792cf4583c39b4fcafead02476c5539f724e462ca3e8e98d",1
"0x97f32d9902c06663bce37185189aee1479aa629a8be96647da79ed8d11227fc2",1
"0xaca7f670fc1b1796724b57590cba8ae6808fa5909f693ff33a9b81004eecc3af",1
"0x10b6f04fc598ec17fc5f5ac29794b053ecf129a74df21628b5bdacaa737c4242",3
"0x84ad486705261988af05a0b2621c61e2cfda405e52a8a5bf74b7e71615421c50",1
"0x3e12b78650de619a942d4e046355702c7fd07ecfebbf205defddbc6ef9088165",1
"0x57e734771ec5d19088d16c326b9c3d7d1bea6db2402339dabbf4b193ac936bd9",1
"0x1058894fb4d239c3e788ab5eb27d8af3a0587f475de6f502bb38e119e129e30f",1
"0x6bb9363688a2f96eaf242030d4c68184932adf04159620e7f3c619d45a1ef920",1
"0x3ae5aa2249a98b5771027233f85fb32ad8b066f5d1b985437facbf1b1e36070d",1
"0x729e5a65ebd819794be0cc32745e37cf8a35a562c0a291d3eec49696f38a551a",1
"0xe94079a1632b5cc41c74ce189c648f90219d21c6c17fbf728746dfb4457499e5",1
"0x1bf521afd7a646d78fac4d5815ff904b8cf8c8f73864aac182ba70761987b2f1",1
"0x08b624723581f06629027df13f89dbd3856bc1100e66416adfd42927144a315f",1
"0x034704a57bc12d95848fd49a17b5b1f2ed4a10da8be9e7d0c1f2bdddcf23b6e5",1
"0x06f6160eacb74e80cea9da1766f5314f6c1061f813229471326780adb66da4cf",1
"0x9e39b2de827c2b86446aede8f3d081ec0e0b630ca8e3340f5f5a3d1a0b517547",2
"0xcd92df68e843d334bf3133b8180a149a0aa8ca7f2663c74c7b6d10fe1879ea53",3
"0x3c5bf84648a23f3fd28f633727c59689c11157092267df0ec99405a4cc83b419",1
"0x422290ac49cba4dd7fd14f1871fb78e9801a6a239e4775b965dfd6c4fcb2051a",1
"0x1bc29b3c464c3d296478f8b0f31c98d9c8a1d31fd1ec007b759eb2553fb13bfc",1
"0x93dffeca2a06b900394aea0767bedab255287f9c506881a6be7056b79d6c545d",1
"0xe01a3abf8c1be3fa5d154a4584cee1c03ff81b7ff2176c03910dba2c708200f4",1
"0x2735369f31c39dcf3afb4e1dd090eb8f7ae36ef47af7348d0e5fac13e5e447cb",1
"0xc7ad9197a39bf002e88e638a886b50ee44f78685e70341b35eb1730df8fe9f6c",1
"0xb36dc9b08949b303d4b1a169ecdf7ea19d3e45559da5b75bdb3632a85666960c",3
"0x586630cb252b859f5154948675281021b6de5c61fda4f50fd07ef91685d364e7",1
"0xb1a469f5e1cd7f486f7aeaff8148bf5b80537ac2a04136ba35f97a8328598e20",1
"0x57e8cafef3b027df036b8f2808ec619edd5545a1bb191a28309bfafe57740e2b",1
"0x45bf3a9d210aff14fcd52d245d281e3d77c63d6b7d07e3a137fdc4e89253947b",2
"0x50f990b3f8dc1771a9579463292aa0beb6f359cd7e5c1702f9f9b74a1ce1352f",1
"0x6ae310960bd506683491cab46e14ba6358b58500617d9e7f0eda7f71a429814a",11
"0x59fce2377ac78e9ff233a526d5aa378ff07403a9ca1590f4069f4852c123ebbf",1
"0x1505bec684c60e9931ad6cce527243462783c3951109d5eb333d195a1bbc96b5",1
"0x6fbb398c03ec289df2854d0195aebdf206b495e4cdcb093307a018dd4b8ab2a4",1
"0xd487f11b3fa7165eaec77083c80244c05e4a7ac9dc22c480acb3d409bf3d1f6f",1
"0xe1f20c990727a3b94eea71ce4b0d8b2ef6592475a614d017e06a853f08aa43ba",1
"0xc51a7b78fa109688b7503dc087384330016921025ee54f7ff90a43d38de2aff4",1
"0x173dc5437a4b2a75d9616ed1a007a157bc2868ea8bd76d5220d10945a578b011",1
"0x914d3c1f7f36ac953b9962973b5a46431bc688aa4f0c6d34de59020045260a1e",1
"0x48dc3996bd29f9b3bceacfd3e768ad3028870d7a5561e9646ac7315d6609874d",2
"0x7505ee13916fd574cd2865348504c4c96374670ee15a75930c6cae247fa5e416",2
"0x9c0baee9868b11db1eab933aa1beed17e916e550cd6d3cb0c1c2ee6dc85cc21a",1
"0xc23ea8e493616b1510d9405ce05593f8bd1fb30f44f92303ab2c54f6c8680ecb",1
"0xd181aa0391203b2d11b10ba2a61dd48742e1210ec1a6f6c677a92933bed137fa",1
"0x919981ae011f31ac2ca1c87d3cb309ed1efe4b976d74c4a1eb94653237376ed7",1
"0x7655b3588f584d335ea57e4f1ec1cd39a1015fbdecb6e9e51f82e6631cf528af",1
"0xda19e98a3d02d4f1d274e5b1e3bf9289e366265913378638505df6b3c99d9d22",3
"0xcc61fe587e1dbe831843d7078ead9dc283eacd46688cacbf9ea30d34395e0c73",1
"0x5efc7687f51a991886310790e6ec14e44aeffd5b2ff53913faa3e168abec18a2",2
"0x659d34ce46af68dcfbe77fc86a7bbf6a764b5d4768433e99fe88ff89f6fb4446",4
"0xb959f2975c0be48a785eea1e8d7715f376529c0c83b096f62884b3ea619dc54d",1
"0x340f2225c6ad1894fe133206166e18727d21bed9acca43c697f36601ec14b671",1
"0x85eb67d021db9a4adaf278a2c1bba5fa841c1e2258ef581c108c7e3f7d2bbb17",1
"0x8f00b05c3bd723dde230b1065872746807dd3dbfc99a1c3b9435fc5728b17802",1
"0x6fa892895aca6be5e1910d5d16f89946253c61ae14afb95046841e797c79c47c",1
"0xb018ddef07f700bf90b4ff7a99ecf8d186904547be34c8b464754eeffda56771",1
"0xbf09f0bd8e3798514a92ddf1976a96fadaf68cfa9ccb29518cdad1fe6bdc3f40",3
"0x1d74a321b2f4d37e473f856a298946a0673c6c412dd8d6eee6f1ba4697f55e91",1
"0xd904b312aa7cef7f85b6a396d36fb596a9d15e62843c8668a2b4f678fa8cf21b",1
"0xc3526d29f2c35d7f3ce36631631c813678214d4020e12d94044f89d117667516",2
"0x3486b00c4bd9c95b51d87c9c5a818cc65325d21dd8486775de43a2583885157a",1
"0x1beb3f290ff37ecbea7fb30d64d80b2ac62e4cd96bc6764975de947956dafb7e",1
"0x7b37429d34d91552e0739be48cebf2c6e6f9a1f1af3e0458f7214ccf408c17dd",2
"0x32d60b69c57a9df5561eeb336dea1751d858e9a5902d5398cc52a60a79f6db2e",1
"0xe20eb96722005adfe2c8f41c8f77b084c009ebca70f4d9b5e537e83449b835b6",1
"0xad2867efc9a84b8402a5d10c475f4ca2bb9eddef807728b21c75462c96619db6",2
"0x4a302991de7261f184da17fb376b5aafd3d622886b1f618b6aa47281df533459",3
"0x713e70009bced5fbdbaee440712010fff63202a3d8cbb36ba7fc664332bc4774",1
"0xb65c3398e226dbff41aff3e47522301406ddfeda8dbfa2c1e8b7c3ace3cd4f23",5
"0xfd9dd28e5c182416323eff7e906ddf91d60febab1f136343e51411b7e56009e8",1
"0xe918f72c8a634f5d5227a69763716041da2c6f9d3c3dac784b21651b727e5af0",1
"0x0fd8c42052c42405995101a6fa16f54deb2284a85da1b39cd4a788213dec0873",1
"0x744dba8f4c14db8e3688c2e6bd1ce70b58f64cb3b04d5c80a4771a22351a9820",2
"0x4e2d62af50df09fc04044e006faceda72d469c6da361e79a2e759bc3b453b285",1
"0x2d20e651d56ab6aa120cc6670f3bb4f3100e8fbc5f4cd8bea7dc408b1b062f9a",1
"0x952053081df23b49e520096c9392f4cf3258fedfa865dd66d75a79f7b4e98d27",1
"0xba4393a2b1d980eaf62c8be78a4ab769416dbdc944fba8705374776170d58670",1
"0xc91e135ca11f083f68a865cf2bad7b0c151be71bb8a63c5c24e7c4cfdbc5dc25",1
"0xa6a15f314f63950e7701559cd8664e316b3eb8830e7722785b3a9aeeddc740e8",2
"0x2035b355a24f8e01594ce8522b1a53fd9cbbd545f90666b771d4a16e8534a9b6",2
"0x2845bed2b7da1d856273363d0bd678f8cc659eb4ee9ddb5ec117857e94958ff4",1
"0xd8f764a37c9484a2831094a25f583f59c1b4711364604944eda5cdbe9de4ba26",1
"0x165713efd236827bcef19d564f901443fcefffafaf6801bd4fbb840896c2f34c",3
"0xc6e3f1b1ec268d515fb7395d906a8348e6946095eea2d637f7a78e6546e0ff17",1
"0x6e8d7a7883207c74cc9570e189326f081b4ec3872ab2f84b8e5241810ec22468",1
"0x6f37878b2604a4d4dfbdc0997098846c990bb349c9458c404def71a864c72c21",1
"0xaf118033f88fdb51da2045ac4aa7b911be4044f152c9733507c901eb97855c2f",1
"0x995e62991487c4e922bed68b83cb446a5f5487d796897c738e07d6e01e2ad68e",5
"0xa671c3fa9827f15347b88bab16435cb75080133f00831d1136ab27429f013244",1
"0xfa597928b0e1aea8737af83841bddb30219bad6d0f7d00b9101d656dc2d74a5d",1
"0x92ee908b92cbff655ad0e44a6e5d06a5c3c8a4dc41c83777fae2fb1d6a396b80",1
"0xc1899f1b4d0cdf101524def0b4835ebacec9f4416ee4b571a218da2bc22510c9",3
"0xf0d4f30e68e5387ec5b72002e1a0950869bfa10d76eadb6d5d1fb5a34b3adf1b",1
"0x9a6e3a64e757d97435771140780563ce9da6cda0102ac457e88aee5c435ded55",2
"0x8a2d836da4e7e2e604bc186513cd353227bf50ac65965da14ac2edf7529aaf27",2
"0x28c7ff2072743cb4e1bafdb71a0952b4fffe23c9cf2c99a93b2c620b60176734",1
"0x4588479010f2d59c1ba8da3a02319688b5ed49af7c73fb5d1c6779e48cd684a6",1
"0xb316667f4170785eac004e04d1748200e924de01f20ca40f648eacbb6a1350ef",5
"0x56f8492ef57b72c051f901dc53215c32dde17813ac4022933b6052c4267d9428",1
"0x86d214f02348fc6d5fd1bec67a111c9d1bcdae5b0cc56dd815ed9bffada45219",2
"0x7c10d415eb922621dc3adc3cb7ffd51824cf828c496575deb4c884a423189766",1
"0x7866112be18bd7e464b6b25961d3bd2916872c592b785a92653136d5e37c69ae",2
"0xa751d40855ed165f297865b026c076849d62dfb355ef1fd16c34284a996ce762",4
"0xb302c9bf51543ee07bc48fcce8703ed3e5c72040b8ffc46569c31963c99acc6e",1
"0xd5c51f075fff7719a91946be936e97d3bd742224c18f321bb644be9f42285686",1
"0x5deb8848672c4b495f9fc2d511842c0e506bc5fd17a2e7c10afaa3fcfad3abc9",2
"0x7f4fccba7658671bba57cbb377194998bf454a130f994c3e4c3558d3743bcb3a",1
"0x9d072c246305051a2b9a8acc588ed36f472d8682aa1da4118352b7dbcfb5ccd6",1
"0x8254d2657e389bf182a66015b98648e92ecd720de8f2e51abcbdcdb9519997fd",1
"0x7bbb3a0f8bf60f00b581d8ff7291cd62686be2b186dcb33a1ca7532dfe7f4926",1
"0xb37dad89fcc9dec32149fc69fc5db7ed15238e6ef87181f885f9bbaf6fb4eed3",3
"0x1df5c4f3bf3fc87a8c51b5e93a1bfe1f9ba0f0b0fbdf69c805bca199f3926d2b",2
"0xf096b02beefde4e03a3ddb922691fe95aee93d11164e358163282ff109177494",2
"0x04ac399fe94da1daaa6e6a94d0e3759a218391fb45066c0211d8eea16a91dc9a",1
"0x1855ac70b3ce35f76f7a5c724cede2e41e9c8ed47b9353adf5bdc8954eea8dfa",2
"0x1ea309a1fa7ed2ed0cb95410fa1c105ae0b282d6dcbe470c2b42c5c2972af4f9",2
"0x071f9b65b1353794b8fc4e52a1a8b9ab2bf91103a5e7f91a8a35c06099dc2599",1
"0xf63e62c3e36effd36271eabeee790fa619303d0f294e3ebe2ec9aec5697c3103",1
"0xb33214df2ab84ab0f0554cb094ffbe078ea957286b79f9c0a55f4bd369d31cf2",1
"0x4ede6b00df548346acbe93dee2655dcabd00b3251e30cdf06c3d24b890c51f1c",1
"0x16838e026d0e3c214deb40f4dc765ad5ea47d0f488952b2f29f807e225cd3241",1
"0x59e7bea6a088219adeb485bfbb25ee142b4916f88cbe33a57ead7a6f07dff9a4",1
"0x28d34abe0b500d9f8cbffeddf44d7bcd1b6a5a240e0a216545d533e1295fd1a6",2
"0x2a2d8d347f8077413f6369a4d9004325082eef182886d943c2178ae74a07bbf5",1
"0xa544bddf04a1b1a030bf3b570caca44faaf387251d306526332d195bc3fae5bd",1
"0x76afbd88da949ceea3af81b495fc9e8397984fab20bde4dbe05978fa1d3e0a2b",2
"0x6b91d7d39ddd5b8d2927d1882f23a7aacf8700ec893f1e53975737af8e72ca1c",1
"0xb083b288061734fa2c5b17251234cae1a3f75a2afd393c6a14302c379807de76",1
"0x3086a4b1e2470735ccb1eb9ddbd28378b66e7b6af1d8a5ec62e973f7834ff839",4
"0x2617a45d2f9b1dbec35acac13bc7650af7806651e7bd0936292d4be891b126aa",1
"0xc8995a9f72b91065714c9c3d625c07807ccb840775b75ce714fbf0d8115fed16",4
"0x31f099cdb8a187ad0406cb08123343324f6b1af81866badd55c0810fb7f6f7f3",1
"0xc0dfbf7fa093a8d1c93b441e1867e65833285bc168ed9f5588d2937619614dec",1
"0x1ad73c6c31de2adeebd79c9a78eba8c4b664032d83b134a4741db06350c4dc8a",2
"0x89586ccd24853f77e51c8e49ab2f74783fc583e2230cd12e840b3750cf2c6ee7",3
"0xedae546da62ecf9778d495af55ceca43c193e588990bbd09f2fd6a80e2e639a8",1
"0x835f17a6af245ddb7ca8ad2e30e4046db53f825371f8e7d678a7c7d77158b654",2
"0xd11a07fbc21b8f7cf6b5d73f5850d13819d485a8d4b11081cd3dc5b73d772ce5",1
"0x922d82177672085e5e515711ecd9e351ea162f81ff7b94037059de1b69e2a3e4",1
"0xa289d080a9877650faeabb2201bfc59ffd4e65f33fc6766495314c50f9b73ef7",1
"0x3067c01a227eefb6701c2fdca55f5d7c6fe189fe36d961962ed8d29c203b0fc6",1
"0x97b85090c73a24f77d0ece08c606cbbc495049f44c75406afd3db35d7b3c94b1",1
"0x072a11902113de180384cb7564f0336bdb537dd294985a90c2975c09683aae18",1
"0x6ce51e4b9df00795a9d4fbbef38232803bfc32b7386d42048d7d2f30b9df5ccd",1
"0xd5882763a1b301c04286d942cfe1d6d7a1422cc665f0e6313f7e58c97d4450eb",1
"0x88da65ba97190df39d5fba8d6ab76bc99c65f25592fe0ed6a4e97f89fa73988e",1
"0x750a8405348d2c8522dabcf8fe0e0ce76d434778230329a80221c22266a3c1cd",1
"0xc109bf74bcd9d027aa64d006590e99808f3b112fff2283c3d85a51eb387c2575",1
"0x78cdfa9ed4b299574c02275fdb8f0eec9f751e265c2fe42a95ebbc1fbf0cbe39",1
"0x9101ec5e04db23cb1bcc8a9f27bc4c623ede03da1eb4c10e056af5459babc879",1
"0x7857caf422fc103557a3c7e1ca7c24ff028a6501467305ae6565e9a474f7cc5d",3
"0xc07df6b995b70584c1212a9c5fce54cc3c5e6aa752dcaa0081e12f563ca230bd",2
"0xead2f1178e296686178804ca21d6b2efdad443fd008c289f9e00c82e32b62a11",1
"0x6920cbfd895bafcea5f8b8e9dadbcb0213ae2b2531ba1377a4e7af6cb3e8f0e2",1
"0xac8970f676b95433cabf917a667c7cdc791b41f9a1c06436808dab1f3ec5220d",1
"0xfe14ae537143c9152b66f05500688d5276db041edad580d327ba95f4602aeb93",2
"0xffa5f6cde9bef6dcdea8471c9211ea50a148765307960b4c80494256e9e3722b",1
"0xa9e6c36af3ccd7e1bcbb47a24cb0355455bbff99260b52db16600434d98b9c61",1
"0x428efa2670d79331e5590da683dcee8efd04ea4cce680603c6a8e7b70fceec03",1
"0xad9ac9b7d5670885fabfa6298cfab5d2374f5f2bafe4dce66410a656053a72c0",1
"0x3da67fd04b97c48b1f377496549aeef2fd759d9704ece654e893752d794c59a8",1
"0x86f64fd4e4ec513e76e0785f35d72a80f908cb6039be6151e48999a224d08c2c",2
"0x1fba12b6ad0d157cc30d3aadb8709e7a0893a0ac57bdb5de478de97f7f885c78",1
"0xb29454435325e811e22941ebea6d94b13adb616eb87abbfa383f4c797a4171d4",1
"0x3f899d316bc3d3cfe7a73f06dd6baf50f3dc025abf49c238843dc605310d7555",1
"0xf6a3bf05c5b9a2a108bd3320ccb76619792a4ab6ff9616e7968526a045e55a91",1
"0x73f2af74c6f640c8571ec6d472cf897ca97045e26c9ebb648715f7bc991a4557",1
"0xa50916e0597bd79890dad1691de1303b3aec30ece6859cef58f770ff145d1ea2",1
"0xee3a0bba64bd29bd43e222999566751c8faefa6311c19ed4a1754921209dd7eb",1
"0xaf4f77a14946d4227d7413f74a51b2f0e3aac00a837680dc3cc5d567224b3316",2
"0x6a1312ec7836f11b12c8245bac85137a350107305b987f8a75225bad4be77af8",1
"0x41073dfc618b544ec1487ed9f261bdbae0169f8746b5ea08ce41b2d5a96dd132",1
"0x5b67bf298e1a0acb77d46565da98718f08833f500fc106e1be9cd8b0e095967d",1
"0x3c6f153a51ded16d77abf0412d35ab99c79af7e5381fe66928ebd585462eb6b2",2
"0xdc879cb21e7775cfb09100112632d6cab436e706631ee7c6c3dc6dc458101b93",4
"0xe25a10d8c6ec7cca4732297a0b3a543cc24c3e2c20c02990d7a01dda9d13edd6",1
"0x319edea7751f5b0a9da2c961c0a6c8871ca61beb3d2888a307b84c9925217729",1
"0x5301fc5fee4c5975f9add0bddcdc12139e8e31d3c6d78c9564aa5f73bf8d3141",1
"0xa7e2aedada21cfdaf00be7dc5fc38814446a82ad544041e58a425a4f31ccd3f3",1
"0xa4b597eea88a481aa558a255fcf235c23305be0522ed9684c7fb957db8b0429a",1
"0x11289abd6a1a55a5035bda779baa8dc5b47d7d68dcd5867a79f142a05a84d52e",2
"0x1abb40029b22365975ffb850a71c901c2297de04d9071a312fd813b80974f772",1
"0x602cebcd6f2f8ac7610e9cd99f707206b542a77823eca78fcee6a89d325aeb8f",1
"0x4d51d87949708e5041b23f3b90bc6c44aa8e9edbd73799920bc84bf8bdf12ae5",1
"0x40a5cae63966ef556d5758e0da2fb8acafd6a672cb66f7779cc8d09386d80623",1
"0x8dd1b78fff23b1784339ef30d22c695d719333a5495b3024dd7ab91bc0a34e21",2
"0x334ad613f6b91f203af99f7cc2023d57222d8d0bc45c5b4ee8e071a69ec88e78",1
"0x000bcba764a8b0c262559ab254245fdb372e004d43a6804a4644cb3c782c1424",1
"0x151da13a36148629cade8ab8e1da12eb436051f89b6cf571344270189c4e9a58",1
"0x4a81a450d6cbb3c373c80b542c20523f7eab8c39c346ef521c54526e61d2baa6",2
"0xd9aa8272f1318b3202f3ebed15e59e46c96e0d10e6bc65f707f6fc0ed057f09a",2
"0x10c7e0182dd118e0a72982b3d9141fb0f5334971354baf2469026a538a7f82af",2
"0x5a1f4d90aac55ff178383254478c897dab3ef95df83c6cf7103c42138fa7dc51",1
"0xb6779ec9c58a33b67b153471b35165c4ba31f53341290c697a5879697bc445bb",1
"0x88595b63e5eb7c81453ab5d1e3c4f5725a0d4acfad662c50b82ed31de1f23bd5",2
"0xf353cf8b5bdd99da608fc2cd863725d09c7dfb11ee2ec320c0b69da6222be54c",1
"0x371898577bd5bbdd1ffe308ffc7351e1e128129ab5c4c762bf7afd73094e9254",1
"0x4430a1f862e2b900137969ecb09d1cc71e0d95f04273f8d58aeda4482fb25aa0",3
"0x4ccb2a2eee3af35631116ef4eb1d4f908e58a1c54c4831ee014c77dce1746ba9",2
"0xa3d278515efbabc7b02b76e3b8dd9649475985d94ecbd857f6581aff6bfe7819",1
"0xf6293c8231b5abcf795074e22b900cb61f8d5361a228bf6d49f28b6061d18906",1
"0xca1b51261b909e55a1ddfe1be8574b4ebca99a54a41a9f5cb8a21b54c5c5a2f2",1
"0x796ea299f5c2895b1254760ed1458cbeea90cdaa4d5b629fca48c0229e128814",1
"0x708bbb1edc77a68c3ae33dd03793bf00433cf206009b326c7d320b3165a22c39",2
"0xc57553bae7e3073bafbee111a13a6c8b614e8d38bf90398a278f51d4bf51f3bf",2
"0x4f701158ea784b0d7d91cc923969223e14ca2839944eee46fed80c3f5b48a6b3",2
"0xefce494a4c13b128f7272536f57e5bf51e31e82dc2f4b258313dc3d4b9cd14d4",1
"0x2d49a4ec980e31ef3d43a7ff8bc103c01a791c682a863a4824c7cb16bb1fbd52",1
"0x750efb8f6d1622213402354bfafb986ac5674c2066e961badf83c7ccd2dc5505",1
"0x98d29aef1d974fabbd017e8e07e9aa80b12586469d71abb9efe28cbe48e3dff5",1
"0xca7ce61d0ef9174a531c8816d4a9e729d89c56f3e5e27a630358c75e37f67bbd",1
"0x7ce8a5722923e0598032a4e9c91fe88dbee0639baeb5d231278ea20f5b6ac2ba",2
"0xd8bf38cb54ceda6569acdcb18ec12b1b62baef506ce80c67dfcbee7cacfc98b9",1
"0x5937cc967c1414b180c2497b96f824405ab8dea0b5df07cb73e68fe62dbdf1ce",1
"0xe3bb4e963e511663c7e4a1fe87e635f36ee4cd89f23d8abe0d05d0cb794e6f0b",2
"0xc7f0bdeebb84204715e497b3a8725b3b795acc62458559c4ed409b54874ca585",2
"0x30183bfd38b04ae5bc33c48763ad6683636cabd7acd39a6f7d69e11115669575",1
"0x284d2b57840cca019a8a039ee13fd0f3a93189f6c83c3651a7a6650aa01410af",2
"0x3da07d354f20e8723208f6e5485f56eb7e97c7123a65eb9085d8a923ba73027a",1
"0x9295462644ac1d3f8f40eb96fb74dad062be12465afc9fa3b8bcd505dea83d63",1
"0x907c617d4e683c7144d478c611940e14b09dd1e20178cc3600ce998682c8d4d5",2
"0x263cf999862bfe4422a9afc97cbd71f78ba0b2da53905dd7477359b54872742f",1
"0x805699333c60e9aed3d140cdabd641b7452397ed92506bd942aa0b83e3b25be0",1
"0x4d894402d6f567dec533cbaa2dd91f60e34cfd9bc924cfb80113743d249a3f5c",1
"0x211684a2aa1fdb697282a2f51ff1e16c0210c5e7e66ca49d64311b31c1357aef",1
"0x000d818ffbd21a3dbb668b64197570a0c0e6287d3d3c3098a2d19abd3dbc26e5",1
"0xd918dbb38018042d2bd31610c6fabd7d50546361073a6b82f698d7dab7dfc997",2
"0xe16e2cabeeb43235ba525635092c225d128fa498b17a3849af13bcd53f7bcafc",1
"0x68251ee57371eacffc942d7d4b56818f634983fb2819bead35d7e33d19ac7e9a",1
"0x78afb3b8f53474c4f14d3265637947817768c0c418f32710442caeda4753ac79",1
"0x5541a05e9eb0ea3180cc3358d0b1e21967cdbf66abe895fbefdb1647ab1027bd",1
"0x3de1de8d75828cc3cad3ee4f2d3e19329130bc1b1e8150c584e58612dbaaf601",1
"0xa44e949b10e2a4cf378bc2b2cca0816121fc94b9ccf8173cdd0225f9a22eac22",1
"0x6801d855e94cf87ca6ef65f8bfbccd10a26effc7c3907b71b6e6ce489269dbd5",1
"0x7a1f6c9c4e1de525f281421c13e31d10fa3c7cae749c2756a6222f9d1b7ec196",2
"0xc855d9316e8f353ac0aa189ac501a694158c1967f2580f94bb2b5ec1a0a82a60",1
"0x45acf988bc94c48c51ffdb2483c847137d3bfccb3cc86644383438e85bce0377",3
"0x76d8efe9aea58881e61daaebaa217326125bb58d8304d842b36799b1613222ef",1
"0x0c40ab0ddbd1a950311f7bee0d1399b8a3613b740aed8e6368b6aba1519f8e77",1
"0x77947921b62daa5382066ef18273d640c1eba401a37416a1235821380080c82a",1
"0x5fbc94f040f3e3c8c73e9cd8bd0eb24062d8b5eb32abea6b7da8b06692b20ad1",1
"0x59f3bce4a75b7713fc06a7070da637768013f6a30cf487c6150c752cebe00223",1
"0x1277826bf73bb7c12c5c23a99308495347f3bd15a79e0c1e1d1a023dabf3f552",1
"0xcd05b756c0a2ed58d30c4332fc4392ce1c5c23c4849125d6a48eb820de0b5520",1
"0x394864dc311652c80c6e8c709343fc5490eed76bc456c759e3f12f7031a36f25",1
"0xed7ba9119e330d5032637eb573a4078e6c80c2ae17e3c77382a90fc2fe640f92",1
"0x26c807f33b3acd81ef096c495249f4a0515b34be04c9a78f6c3a648c07cb1c6a",1
"0x2c614be7d4f8a4abdd5a330a867d875dacd61e4f2169da75a0c0578a59ba367d",1
"0x947b953e814785b649f7e886cd42b5c2f197f6d50d66531e9f388c9ee97701b5",1
"0xc5b6b8098991135dd8072da47dc6718fff5af8c3084a5680e3dc1aa396766bde",1
"0x0952b1be7aee20a9b05b182b1a6df1bb30f344e67432103d4fb9f247add45a01",1
"0x6a2fc74d7bc4e29429d635c07bf85141f5c438f0263b3ae09547e8273802e471",2
"0x9cd58706257d0a5fc741beb78825c8a6600fc88139fb26c79f17f263acfaa80c",1
"0x14460ee6effe5c89e25e2ce04606a384aaf684113a9c2b5f514e510cc3cef097",1
"0xb855315b88c2c374a9efb6345996efc5869e1ee64a715b40b9165caa10362ba2",1
"0x655bd25b6ff6372d5773b058a92704260ad74c56103de96330f344d523b8856f",1
"0xefd3e0bb5c8d27292e640164773623ae52ae2d9f901841ab6bc0f2324dde8640",1
"0x489de9b1043badfdd3c0c56481d08fabcb78742a8ece70d052c13f49c414c622",1
"0xaf1a3142bd620e0857729ad282f812a5c4f877248554b2ffee2ef69015209a2d",1
"0xd7272b85d03fbac4cd13685e7cae77329a1ddbbbddf3cf1e5069dea51dbd15fb",5
"0xcd0b8f1ea2d0dcfc88e17f625385b9a3d19e39dbfd3bceae9308f6464d67697b",1
"0x8627958aeede57dbeddfa4ec9d47c253c92f98de4b723138dc015b48b690ab95",1
"0x8e6de426521587efe28a0837567a030fb217f7e21bac6c9e18dc148e5e8a2c87",1
"0x3ea9f0dc7618ec833097c4bd2373be7f387201fd966d486637de31ab144e488a",2
"0x04cddfd414507d2c45f75c2a7348ad2ae32b55ff0c8818677855ef3f502884bd",1
"0x9e40f545a7d69f1d59c84357a1cf33951bac6f60a9fb6b66e6669188beb4b3a7",1
"0x425d88309b969c863576ecb1ee0eaa00e8841fd4655f60a09e5de64d4337ab35",1
"0x5719302ebaeff1c6350d7dc384d0dbd6969c7e2638965f562086cbdb10094fbd",2
"0x6e8794b8b668371f2e3d6c3a68489c59d60717dfb0e1402b9adcb8bb322f6124",1
"0x994ad62ebcb57e5f8e1ce27a48ed4d34af65bcb98ad5c442d83d28fc4b0d7df6",1
"0x5b22ea474a3381256a159fa1c151aa1c880051debcb4c892cec2fa53a6e49580",1
"0x0f137123c89dfa691cf2b3b165efd9ec468bda568766c4c50e495e2d381a179b",2
"0x3fbc54070e13a279e479b705957c87af7b99cd764c2e12c8356582ec002a1832",1
"0xee7da6e131722d79a3abcd96b2f87cbf7d2c51b49d2e419f49782de22852a6d0",1
"0x65435f587e6bc69a263b5c82fbb1e590fe556c92577bc5c2c657033bd6afc938",1
"0x844c97a458f3636762f1f8d10467ea8e38cad4de868ff31f684708ea60ec5f93",1
"0xc118c33b49fb9af6fc4a941e6345d6409d3cf5c0fbc8e8bc7a53547835b8da76",2
"0x0b6a10d7ea5f022a9ce34d27507ea6b2120deb87933c797592d35a8ca35e755e",1
"0xf10b0b8e4b611a604c24122e50b58576663fa784c056f1fe6a710d442d1c0c1e",2
"0x543f105877571262ebade9ffc039bbf55347196d24a664fd2aaff708369d01b7",3
"0x73754e1dd80ec83ca171f02a4f9513042c834052542384a21bb50899d82327e3",1
"0x68c032fcb6b9a8dcf1d2330853887dcd1670149da3cbd18131a8d127defebfee",1
"0x2ffba819f52bd9d0986129d5ab25b49acc08b682b9ef48b9cb6f87d55f2b3985",1
"0x6bf39aace110115cf7dd356e69e7fd542f67ab901cb090f61faa338b4d239add",2
"0x8c7f0584602d09df1791b8eec4b5b9e3f0d280c635ac96575a13dc94f9dd823c",2
"0x85c21638804b43dfffc3e52d47b29cb99760aaff223580cb5004f5ddd097f911",1
"0xdc838a97f65ccd3741b9121bb5d412d2b50156d570e434d5d6028d7deb4ce2c2",1
"0x6d1d008204f2c3e58700a7cb7b8b02caf6f33c0db4768ce4be15d3a1b3ffe67e",1
"0xb539e56a4d1d4c93b6ee5139c35c4d3e74999b3b9f5b608d760b5f421c54d2c7",1
"0x959c0d8b299f061b3d21528d49dd27426da7f7f0a4d7e09c590c1b85f6af40f7",1
"0xd839f6044ac9d1039d4bb8500329fc8fd47028b19e027cc3a9816c8354a686f6",1
"0x0d6cff7c55ef9a302bf17511dd440ce3b40eb0f4d5d2479a37c6517ea84442f0",1
"0xbc1b38705813ea00dca46eeb784233d393d525c49f1bf9cfb5f8b4d48e59a3f3",1
"0xd805dd619dcd22697d2a808040fd63996259666bab85b731ba9da2c2dc5ba49d",1
"0xef140e1d24783c8b7d27cbbac0171ea1ff9d8426167fb5f669c4e47414071a09",2
"0xdda4e6ec5de45d34900e177b1a2b598470f0007814311e8ae25c13e9f5ad79e8",1
"0x1790af1809a91187d943785ab0b78dfc33bc1e8ff4a382b31011830bfe03a9ff",1
"0x2acf2c738b2d68546a286467b78a3a0b7ae56ca973164702a225b38a10fcf367",1
"0x6738d50fe88893e640cf15452400f9ae76ee099b6f9ffecdd34babe0e8276b48",1
"0x89616b9f135e60b514e70701e1653b4c26612d6618c99562044929859e5ae639",1
"0xeeed9dc4d81830dd3034da4004d95e31d5a431c249aefa9f1b0b0cadba2fba0c",3
"0x3afff910b396d3321db0439f8b9533e238084a312a0c63605fd05221b428d828",1
"0xf3d6a02c64025ef5598ca9ac94a488654d3d8391b4a8c5e93765a0672f4a88f5",1
"0xf2f327727a32fe384b866dc3375690ff494436d44b95f2d48bf84f7830775200",1
"0xfaceae09ab66a9f88b6d8b04b08480b5c936f58397bf9f454e7abb1c5a95840c",1
"0x90ecb4121213438edc6fddae4692c5424e488b558b9b52399d61bed9c53d4d74",1
"0xc2f2f65f26fd26201bb8748025853f42c75217bcf46868a3b3396e7aa2c4ea5b",1
"0x6795d7502806d4cc7177bb04ead3455d769309d3c01370f3e5683b714cecf5eb",1
"0x7c9f86c1c80d53da04fee9b052d3d32db834edcd62953b1b8fb5d1dd7ff69c7a",1
"0x962779bc9c1777adb0a031ea4f06a1ab3d1caca047b760746c762883acd6070a",3
"0x8498dd5bcd83838ec31347322acc1d6157933a1930d5013e866f7dec2311490b",1
"0x790ebf56cae4ab2f4a11459d05d6eb01ccbf9ed7e3a90161dc84e798d05177de",1
"0x789ea98e621eb87c775209fef0f353a4fdf840ab1a8b6b58d7de62b623af3a67",1
"0x0453ae0d397f2f83ff85d3876030170c700d96842aca8bd5413c368a72b18773",1
"0xba6e3819c88a8dd3e5ea7df0da7b848e61060575840bdb6340d56cdfb5bfd558",1
"0xe23963f0c097128f3271d28866b5301aee77cbba7dd3515f82eb56ab154e669e",1
"0x16e214e7640fe4a93ccf61d9ad75526a9955814855029d7a38a3713f9e0b0fd2",2
"0x492cd077451a9f73fd158f9da78d7c26804738eade523b81a789743311597eb3",1
"0xa4a7a29e4a4101b54c6b50cdef816322641375576880a41e19f06b4f2437f7fc",1
"0xe7649f28cc3a0e12213c8164b09f3e2d480cb8f65cf60972fe4f5f84e5589f3e",1
"0xc899ef0ace6bea77be19493736d843b9306cba06e5bfbcc9bd058474e90e919a",2
"0x7e499d50ad5cf9637f7c38246088267824eb174698f5a06da730c20096477d6b",1
"0xaa3d379093ed46c5e279dfa542303504b6c0d1e7812c1d0e56443c32260ddb45",1
"0xbd7211485e6cd7a92f1f270555f084239a6bc30566f8f590504802b3c69cf054",1
"0x15bab23904201003873c10d7ce37444cc00887d98c1b408a81db102978d713da",1
"0xafa529ea3794bba96c8195839fed141f35d92011a0038b1faec734b6cce4df12",1
"0x44a76d327529cdc766811fea349b5f8df6ef522795daf9acb00dbddcb17f1af8",1
"0x7db3e27763c0c411206dae88ca80e45a3bce14751be62989f5014df404c3d7e3",1
"0xb0aa8b90f5e3669bd1a054617af656decafe98ffe859929d6d05d955705936d2",1
"0x9392728dc4693473f7d63efcc97f7585478ee7297e9c4b7f6390cb4bbd1f299f",1
"0xacf4d2703872f43da23acb97727aa2a682c8f0f2582ac6c1d8a4c51b3a96d444",1
"0x58c5303fedc6353df05a52c1709ad2d9d0db4124f0b59b5db87d5ae9da4a31c4",1
"0x663d023eb7a68b625ab13abeee6d2e5d73ac3e2b0e0cd1a16a37086aa23777a6",5
"0xb5683092aa0037d75c006bdb5c022f045c8cb7fc19adb36c1f2f99ff6e6b3d26",1
"0x262e045422bdd28c7e96e9c21fc71733a4cac3c728af8e8cc742721e7ab45758",1
"0x1ebf5bf3c3cd06aacd253414727509e4b131a39d8a9aa7693390847bda8e6498",1
"0x970a1ccf0324f21dbbdbc216984593148c1ca602bd39d1798991ced09c873076",1
"0x51401f55d90ed73f0b1847e40e2401ad5c5d50ecb1c0f83d62c2961898a28a4c",2
"0xf67abfd1846355227ba3c847578fce230c742545ed2cb08c28e63e18b60f60c5",1
"0xaa50b511e7f71271b4278beacb080c413e8a600a6f3adef4a86141ca16ec8f69",1
"0xbc9bdd1fa7fd71ebdc968d57c76c6aaad57f22b17c5f00f524ac7649e3f4f7ce",1
"0x8eb806e93a3af4e694c13ed730d6023c82d83f734b35e59482d2e13efbe4b83b",1
"0xe07301fbfc61dca7e64526a2b47c372ec1684d257a103020d236955ce758c471",1
"0x6f6f4df6532ac345cb705033b81342139516160437068f8e16b1526b21a77dd4",1
"0x3d04c4d2c17b9eb377f679eaf79280d05fa4927da6560a9eaf1a0390aa382143",1
"0xd68ce5ec5bf382594ab017b8d9caa2ede3b0922808de45c38f9f288af5015055",1
"0xa581022b1c632938202b25c21acd647f1a405a9440caece6ea857f01c6f31d84",1
"0x6d9c5b46774faa111541b561d01bc0ab2618727240650e98a3566868fab169a9",2
"0x6f94ac3e8f1a8a1d22d7ecc399451aa3b872621f15357f5b8d463c3a5a1ec1fd",1
"0x6815dfcdf6b8a76320e415299745655c6fa4f43ca4d14ea34f6b97fd21c0ec4d",1
"0xedcede130ebfe2c9bab4adb5f1b16e2334ef56d8304a23d1c2c1e88846f71565",1
"0xf712ecb72976a208ba22b4ec9e9a97a59f6c2a1fe30efc68335759c69482ba06",1
"0xe5310bec37c2ea7fb2c8732bbcfb1a0b596b1a05df33a41a97a066960ab6df2e",2
"0x29e45c5501879ea083f8449388a310ffe29da6eb1d9314c0a5b0f34987e4e939",1
"0xecc4245d33633300a33d594ea16323524460aad214667bb5f7b620abcb7b7d63",2
"0xf162e0abb5962d76eaf305475d0387ace5df44be5580433c1c3ef6d9ec763f0c",1
"0xbf2f6247a1cb428f5086aa082a4e91786f9ab91e6af636f3c4da2c2c5fb24da5",1
"0x20cd6b7dd6f2e9bd47ab8d17375bc1b4b738835c40c7dce320ff585770354284",2
"0x7526f56e69afff9d1dfdc106803f23a32638669b422397220d14a21a0b5f6f7f",1
"0xe3d34a5be06b07c26976ca90bbeb19ace38a1cac06052a8ad993f7124af36491",1
"0xa269bc19a8fa4d77c0371a6659e52ff725c8759fec8941a5aa52b9310401cb32",1
"0xb6dcf89333f5774f2ed539c3f62adcd66ce11245edd5c6168936c407ee2968ed",1
"0x966a49d415437fd2678aad986961d545169bbfed1dc238a558eb9b4a710ea921",1
"0xad3e618ba44e03ba159e30dfd7e3f71c3d8cbc5119ba24896acb9c69b10b78ca",1
"0xf1309f45b0fa58ee9e03f116a35a1652df8b479ba722140eaf9a70d217da6c8c",2
"0x228a792950dc46d0d71504c0a7b4edd2d51d079534dd3a3f1283b8232f46af2e",1
"0x839cbde123e9e23966eaa8f34c3522886df85300d7b77a000344bb6069b93555",1
"0x7f190b7dfe5ff244ccc7025ad69c100ed9f8ff180f738d31ad0dc2a6172952f8",3
"0x0b4beb16d8701c4e5aed412305ee3dbe3ca3bc10380b91d28f9892703a2943ed",1
"0xa7af8ca55dac3c474cc867028c7f424c99b141dcf85c18d01ecc1c57453d7ae2",1
"0xacdc6aaa3dba7c9c8af2c5b9210f67c06a49446451032c2a0b9098545774a7aa",1
"0x7716a7cbc4b74a732acc7a929a98101f9c06ca7ca0e61cbeae6644e09795bd83",1
"0x81a55d663e5202f5705a630bb24cedec9ab8692cb91e44297121558b467e0d0d",1
"0x4309ba46d109bed39d39eb9051ebf913d5541fb16bcb64675706c3fa5bfaaee3",1
"0x4e1caebfe4eacbd1fe2432dbe1d3d9da0979ee3b5b6b90467e718062ff661cc9",1
"0xc5c201beb49e4cbd0df5a168f74cffb2a7615fc0a0c4736208045b97f175e0e4",1
"0xc0966aed32d1609c20a62480ae123b55a904f78fc77f8d4606be2c2509b6a9f9",2
"0xb89eaff025fbf582faca954c0b5a7b927a62c280dbc27f7f240df483716a043f",1
"0x5adba5cd4f89dac0d8f53313fe2122f5817ceb9305803e42842a2dc71b7d4a41",1
"0x1fe7735ecf733c91d44cf94f22781f13d9cfbda6612151c27963b88d08342c3b",1
"0x11f85b60da858d158cdb95a3544736bdc0331107fe72bdda3677b0aed3d3453b",1
"0x0d6b67c0b796bec47f53ce0f8357fd2835cac5469a8e5dc77225f4ed7019fa39",2
"0xa3af824f9f45c72fd8b814d4cbb617bce69b80f760019401035c254dabfbbc3c",2
"0xc9abddcc486ba3cd6f83ad348ec04982d4370d798fe71dc12fe6a39a1f4a6db1",2
"0xfb45caf36ef5e7e998687a336cabb177935191852782e0989f73421bfa8e0811",1
"0x79f7119c19b9871486904238213ef3761bcc80041325eeae5fc55042967abc29",1
"0x3c623477521cc1a144a51cd3ba85ff31619a60646761824353481ced7bf44991",1
"0xeabf6e1f2dbff2c2e6002a9122f62b593d43277d97a769c48db478d7245439af",1
"0x3d211ab642f343a82ff4e237186f0d4170fc042988783285012b0da807e4fbde",1
"0x92cb88011d390b6e86476e95a287c618e61c464217e07b30aa603daa370b4777",1
"0xd796169e18f0d05b75c6237812a3913ffff8c3b17aea84c0c8a0a5904a057e37",1
"0xf5ad86df467d1d945072aafc047413b8cf9e6237f9505ea63c3612ee7ecf0306",2
"0x4a7a3faffdf93d70776d64bf385e538b1f7c20d49129de8370b22a6427b8b7c8",1
"0xd088a97aa91b1f06df1389693ac0c579b8eac3ec80070b635cd326449d0ca558",1
"0xcc0f868e246ea79f2e4a562b91ab833f89a7d8a513000552599363c6f16696f2",2
"0x834e0fa77b87b6d6d8ec6787ae533593db5679049261aa2dab2cff3f565d3f36",1
"0x2f95d5a4ca8e1cca969ea8405f4cfb77d89c0fdd08709a0124dfb86c54ce28b8",1
"0xcdddfcd3955ca73c2a69d96819a3fa0fa369c774e6ca27945cc27516b90732b9",1
"0x330c9e9b0c1269b5c6a3e752ce148bf3537282f0e32baa56a3271f4a3efbf5c1",1
"0x5bf0fa41cd1cf86eeeaef7bbbbb6c6fea5258dc4bc3a21c396d0cdeaf7583fb4",1
"0x016661e44c6c64ba70e156347549c14c9a7b42053602a3817a13fcb1673df882",1
"0x4d3a45f932bba7da5b943fc41a26d72b3816b91d5cca0a55f3d50c8a3959c4a6",1
"0x8300e3198d094078ff0f07359216e7fa43761f55bea04c0d0fbd53d8c9ff8665",1
"0xf742ba9537216b5585aa680739ffd5409f28f230f26b8e20f71d56467843dcea",1
"0x123e0e4deded803e4b162a4954d54d7bd1de320f7ece7e9af2dbd638aeb33695",1
"0x2392683f39a085ecc3790a631dc9a70abc85d0c403c1b92b88fb471cc96585d3",1
"0x8da3ebae7c4b7217c90ae44d858c53b5e010c8bad8317d2c0b43e4318b82b63e",1
"0x13c33bf050e81b1f1eecc7ba18e99474bf281b833b24397539a83b6b24887888",1
"0x44ab947aab31d4588a73c16aac1beb917631e654c5ff0fad30c877570973f13b",1
"0xa7af047623d5e7109d8e05d4770d3bfb865733406271c9bae498fd130b622708",1
"0x796cc4181fd11e96ef5785e6e6782835a1bfc71917f3c660d134044dbde84f74",1
"0x0dbe7644f385b34d6219215cf96b8d4f077584f28eb36165e46d86a6c691efc4",1
"0x3718b936b4897b9e879c59c8b7eecde8376703d711373ab8552d041c2656a6b1",1
"0x9bc67b285dffd6877cf977387e701ad76f5c9e3bb53bfe25574ce5bbfa928259",1
"0xb63ac321b8fd4a563403e02695563a5cb0bf6508671c78865d557ec88f68dce5",1
"0x47c5840b0a1d20c1f901f823e8622d59b817acd73d87ce083871ccd298cd3979",1
"0xf7c145e742977495337090d497592e768f2678a3444cff8a01e2de26b4d761bb",1
"0xf7adc54d4ccc702225b06a2a246c441726baf8c3f451db5db98a3c606b21ec31",1
"0x4d03d053d8351310725128e43a4b3e4f87b03ff492759bb67b916a9c352fa2a6",1
"0x04a776030d5d8524682a8621c4b330c1d8eea60e6e9e4a188faa82247ecb10f9",1
"0x73a07dd2f64c842b8ce87c394cbfaa89004435fbc1db14942591ad514c18cb43",2
"0x688f814aa6dc14957b19780e82bfba95732b601d6fd376f12728f7405a3af3d1",1
"0xc6b50b7a0c0fca11d8581c26fd61a30f8fdf9ecc3aab1da6bb7711cdfd7057c7",1
"0xe2186283e3c6a8c04ccdb363d001f51b7eb4923d89b2d9a267cfa015ea017a84",1
"0xe1bfa49fd743dd262cc6bb33dbdb468b473c41eaf2848428b94e3166fa1f3124",1
"0x9dffbc21391863acb7d2d4adcd8a56beaf8aa40172a47693a26e647018b15ea1",1
"0x1897ffaea674c368670162f1a14f326a8484576b163819edec47af1f4a10df63",1
"0xca671fddee42d6ce41aea3e8b5a9064cca86c333bb13f8a8d69f5f8261761a93",1
"0x6435f7df9f55b38aaeb42b546c32aea9f4393f5a5dc0be6d7468714bc2688956",1
"0xf69bf77ceb226a906113ec331b22535214b2702a3739ba7bbe569b95e13983a3",1
"0xaeddc03dc234358da267a9182f81e8fd38c17dc440ec3d3840047ffbeb850fc3",1
"0x210962be9258fdbf69e0681c540c0677be7b196dff3dcaa268147c876a952a36",1
"0xbc7bd39b35ad8fb2c7bd0a21c9db01881631ca848a6c85de2ea005161d22930a",1
"0x064a5ae3f8135a50dcb793ef42489d17ccc7dfb15f4bdbc79c001e0231b6e5d9",1
"0xf0397fc17cbb9a810cb39f06d9e9bd0bc0ad310912999e82393c112d15939f12",1
"0x3c0dd75f184a2f69b60d8fac8da5ff9cd2922a83aa2dd470132a9b62e24f66a8",1
"0xa0cc088f9e142545e8fca7604ca896b392642b9fb3325379d926f5f7105b97f8",1
"0xdd3bd8c7a3ec10bfe901cb9ccfe4bfb8e8316268b22ced921c4be1330ce0ea50",1
"0x1d5eccf5acd24e4eb4ffe8e95acc9d1d6f5ccb4078be52277f03b7d33d2cd4ee",1
"0xc1af54a3183a208ebe5fb1c936127772bb3044e1156dfd775fc30a4628974cc2",1
"0x97a984b535779044245fcef59ee9da65d0eb3e7bf9ab6c9281228039b3349479",1
"0x9138e7f39afd7c9a9fa387be270c66c3b1c3796859c7730a43855b4e25462e42",1
"0x60c0f80a681ebc4b8f9c43f739efe0b5a77e5637e224db51931aa71b6ea96c6b",1
"0x205adac8b2924432b6dbe5f44a270db3be39cdad25c197d8d8f48bd730a9796d",1
"0xc19415aa48a00f2d9884291aa0478d0d921b5d6af38aa3b3fcd462b330e91c20",1
"0xba1b46794ab2165a58a5dc2949d25348e519393858c2612e57a64f984cc8f88f",1
"0xd99adf53284bbfce00654b04ee3a00b1fe7840ffa89a5ecdfd08925b65735f63",1
"0x7b6275fe2d0775058a680f231b63041fae6a0960d746eddd7988e71ed61b1b5c",1
"0x6d0054734ee3542d41aa693d86a7b4bf71716536950f7a46c9de4ef90b74284d",1
"0xf4a240983973ce545943aaa8e623db65737aa367c24fb583ef5a4dc7adb8d2ef",1
"0x360aaa74649e7abd50d1f53edfb989489ace2df415c064712e183c04fff4ac42",1
"0xcdd8a938f00599f0f99854186d609e58ce60447c65628a70aff669f966cf8133",1
"0x79a96205471bd40d8523fe64281fed0d14290f073e4eb59a3376c7d039e184f4",1
"0xf6f01d8bc23cc256e76410425afda433d7054b1c993990421b0f28406ebc726c",1
"0x7cb43222795ac7ca2b013b647b8deeac43d88d7a324c21115c337d4bf580aaa8",1
"0xe15555737379d4a090911960dcf7bad7c54691854db2d6ec7d3d4d3e3ebf555f",1
"0x65cfa9e712a0a598266ed4b8247e2e10d06b80cfd67f9ad049d74d7e4dac8836",1
"0xf0ba3266874c538eed7c2fd213510fedba6fd9f91a5035bd16059d5ac34ffca0",1
"0xec10a6ec53e89fcbc259b2379a369c89d9a46801b3f3dbe28b37abc4c7ea494d",1
"0x383ae5bf426c4062c2eee149afe77d310d478e35ccefd9c2be2fb216932e3e5f",2
"0x1963d796f626fe4687fe165387ca665136fb2928dba53916827fa99bd2d3c540",1
"0xf7c11f751370885e56af197dc015b0ce44f481dd470d33e5dac0c977776ed0ea",1
"0x4d1ef6806318fc9949ed517e4f555d3fa676d0da258c72260e0dba93e739b57e",1
"0x3628b1c8ac1fefa588454d6c897c5fcc5f97a86ac2e6191a224e30639a8be4a8",1
"0x9b566e0af7391ca666ff75f770bb0fc9c12e095e2bb7281c32b0915829489dc3",1
"0xe96c321436db7f3b2fef2c53b1522deb904c7a318112fa1e7459dcd37058c03b",1
"0x961c64130d0a5759ee7d37491879e99d7f19b8576579e7de6b567a57e8945c90",1
"0xc7452f239c570744a3a293bdd8ec085a91c01825ed3f9c25fa0e3fe933949ac8",1
"0x802413a949b77b8bee25a34263e43156ceeb3fdf46054d2c15ae1ee6237c9953",1
"0x54df66ae236c54ce3aa05f5d92b777a0fc9bca04ab0f012cba02694103dc2afb",3
"0xfe7dc08e0c319f2aebfddb4116a38df7ec729037b23dca3e17e8e83b2b8d2c8f",1
"0xa5b1611d756c1b2723df1b97782cacfd10c8f94df571935db87b7f54ef653d66",2
"0x3637233e6336bf4c05715eff386881dcae722d0e321c5432aaafacb076d303b8",1
"0x782f1cc8d457a392c29ea680eeae2ed7f499bc1cedd3b4f288920d026a8b9872",1
"0xf9c1441e9a5dbaecd9f8f4e16358d4a5c845719611f150bdb76f6832845b5341",1
"0xfe4d509852667aef2d2533e951b62b92a09b44260158073cd66be7b5b47eca67",1
"0x4466fe25550f648a4acd6823a90e1f96c77e1d37257ee3ed2d6e02a694984f73",1
"0x0200cd7f8332d7ba9292b8578e9d09f4fe5d3fa475483e221817542693a64636",1
"0x218d681498a1c54595eb67163dda0a818a9d29314ca7e134ea9e8f6d59ff7694",1
"0x3039d7ec3c680d229d239c1fa8c841750fb15df6122e8af2e577d821b137655b",1
"0xce52c7aab8daeea0820d7f505a831e02919abc554800396d2b23480383957c24",1
"0x8363d38544f02517d859db62c766997d2bd2ea86e821c75100d1629c8286b37a",1
"0x1f3325370bd608225661d3d94c296226ab1674b20ca938cb980fcfd30bb34c71",1
"0x54548ac2794b84713db2e97523ceceaa1d11a09d306dbd236eab9f39480dfece",1
"0x9ccd3edd989295e289d47dd1cb9f29146d338d495be294fc1b797a26f24a0428",1
"0xa507af3b1e909870eff4f9d50d57921610105b3a484404de29c836729e9e9f91",1
"0xa180dc2d612f1736bbdbc63b57fa0b1e12234d92141b4c857277660370ac6628",1
"0x948b24bc73076183fd67d177cecc237c125d289888e762e947cbf5744afa3929",1
"0x3d6751e2afcf74fcf8a7262e84be0eb0d8cbee83334bd787c851db7b0d1ca34d",1
"0x579006ef994c847f84647ce6112e981127e0e526ca9f6a7c87ee25d967313d57",1
"0xc64c4d054117c633e0e68fd860a737dbcd5042d29045f2bc0303fc5969650229",1
"0x0a9d764abd168f34bd27bf945cd3c6bb5baddb5a769ae28f3bde349d99b1d6e3",1
"0x0bcf9906833ffdb8029574138db83d14879dd6e5cde14a34540b5d3dfd0fde08",1
"0x0778e61f76b7349c1e148ed46d411106479042e8eb9fd06f3a63db37e5eb4b12",1
"0x0597652a0b1c93c900f2d7f51a2a2c2bb6dc4a5897a9ac3d601bce0c716ab9b4",2
"0x9b2aa6b26b368adc8c9add5a1584d7f7ad43b20a81e068e1ca14d3c0f437bcfa",1
"0x7323069a5d7200bba5ac6331e707aa519b18b03ddba7f0c9d8dbae7b85cf1bfb",1
"0x42eba5efade581bdaf4383974bf63494266d0072180197396f24ba5bc4c076b5",1
"0x5587457d2f1aecc1c05767898336399192c9e85d868fe3839d9ae11491d0ca1d",1
"0xfee83c25d0d806d486edf8269bfd050f0be2d269e361e1f73e76452754b1c553",1
"0x196816c521f2610ad8b8fd767c81b53131aa2c1057132af39052d0b97dce8d49",1
"0x08d1a050fd835034cf9120adc76096b4a0871c9f3278391bb503969b34eb959c",1
"0x66acdff3ef2f0d61e081570139b68d95171d22a15f5f6f7650bca28bb04cab88",1
"0xec507662343abb53715b133f84ee2c03cd1b7919023e796d92a2962c9ca7ae2f",1
"0x62218178bf78b1f255b9c9e1b66e0f4e5f9cd6e2892073c2befa5d5d18e4e73e",1
"0x438b8b26dacf98d01122ea078f474412dd5b6232faae0d7bf7c7c262a31d588c",1
"0x24b1558be0ed4bf6fc130ba150c632db2a96020bfe1bdf41a38cf423857fdf42",1
"0x55d70e302c46fe3ad5dac78cba04da815bc4be609cd781bfdd8d3ad792a22a46",1
"0xf7dbb76fa0f482167c027d8a1784d72076b98841f8e078eb051251df10ef6993",1
"0x31cf80a8cd060af95a4d71d6fd132133760c122f71ccc91390e76ae6ab9a0e25",1
"0xb32aaa00bdd8fb38e606049f355030f0d3ae89ef882793c7a4586c7fa3b907e4",1
"0x70b81ed9f8f846216fad8bce3574dc166d94431f2acb40799daf5d0d669f6747",1
"0x9a7880f069217e441c3d5a3a90b1ffd13136a25cd39c24d6442492fe27f99d2c",1
"0x04992d0b4324493868411ab3cecb457c154d0c40178162d120734ea5ab82fb12",1
"0xe10853bb0a4122405c425a0a1fd0026716287c7c975c88668d1d68756066b899",1
"0x4182d1e45353a76b862da8c4aa601fa105de02e92459cce30bc9170123130251",1
"0x7c7a1a9539735081bb410864373f0bc4c42fa7a65fe77ecaf6a31550a9c3b722",1
"0xb5bb9a5d4c1d06a17affe56ea88d6094d3e21fa6ed91249f75a79b42ff95f405",1
"0x305ea865c75175ae8681314dc32da2ef45b750398c08d6d85508add0ae19bcc3",1
"0x146456ec194dcb84c350e1ef58b01354efb1b86f20154c1a3f19374703b5daf5",2
"0xafe04e10fe098546ebece9855cabbdcd46c94c21cb563809aa3aa3dcb18e83a8",1
"0xc2e51bee7838802966b67649eeee823ae0b069cb4764334537a15c6c4d98098b",1
"0x96275ffaecaa8e7c72bb0588c53738b4158769efd9342012dff429d1cfc961f3",1
"0x2b8d51cd0eb0e28d0f577267a376293fc9a11acdb8e758c2496b44b0b6786210",1
"0x0e0320f4b92ede52f0f4a4f201bbe7c48f70e3f3349389c69d2d54d5dbca2ea0",1
"0xfee271bbda806bcfbae6f98afad78ddd40775d8dab41267511a8164b1add3b83",1
"0x12f7edcc5628f5ec8efeeb8b9ccd28a3fbc1add5eaf1c6b248746fcf7c29e183",1
"0x922abaf6693f82b00199f578f6f93ec2465dba0ef624d8bef18717be6a02ddac",1
"0xd612b939b1444c327b520426e9ef263b1d8e7bb6f57d86619f3f39d5f5812012",1
"0xa37eb3abec9142f408c062c456a824cc1ea35f8fc9d6e4ffbf7bdb246e9d9758",1
"0xe6290497dad2f6de96a03bae9a518e9c84a09fbfbba2a0b11e9b4f9295148e08",1
"0x13106d9ab5129cedf8172284560851eaf6bde69082b5eefd187f8c81a7f9335d",1
"0x60cd30eed5825a231dad9b242273bc3eb80cc5e00b386c4ab571403a54781114",1
"0x011fa8587f8e620391c6c536c700a09d9fbe0d2a07c84f40dc0605266f9bf264",1
"0x7d767542512cbb5ef52bb7fdc38a006b9ba85668a033e6b0d8ead8243d2a6f39",1
"0xc9e29fb32b05d3febe55abb692d8702724053ae1e5af3ce04a6ea1ce67ac46c0",1
"0xbf96c4af0fc455c20f4489bd61098857f336372ae0978eb404b6063cc220df0b",1
"0xdfb17285cb60e8c35490e1ea96ac7f59dabbb37d0014f4c087b54a056ab6ade7",1
"0x1b267ccfd55ca3e35979bede50209a1dcfea907da66879b92917a9f3e08fc2f9",1
"0x45b4ad84e35485dcb6af6bde40a14a49cf54ac62f67412cca33fa53bbc13d3bf",1
"0x97e327d4710d2b75fdbc2cd446a80c546ba739bf4af3d9a76bd8064925f470a3",1
"0x1022dbd0abe20ac168cc0f342166e0e615604219bc11b98839a727487b5313c0",1
"0x55388e826367ece303248227746e706296a7ac9c875a292c73326ebf2559cd83",1
"0x6f2b92c13bd6b3b5c4a07ac60dbd5a10fbbb1fd22d84a91984ce68811ffe0b2e",1
"0xe77f8ca529ba22bbf3784f68d05b4d6a1c22e5c982ce8903fd2cd539201e3a16",1
"0x5fc405a6fe03bdae98214dc6fcf47e3211a0d20dd9e07d7639543d1bd984a71a",1
"0x4306493c1f6f51c53384600850fab4ffc0696c843bdf9d0b32f643c5716c8adb",1
"0xbef49ff605415ce143941d5e8df6496430c09ec6437ccb88e628c4062e18f581",1
"0x38180da52da22eb2a60a58a62f4ff6be66205999fd9d4e1c223d73ccdb6da0a8",1
"0x2947eff91545f24fabdc27be410120139f577d6f09c9753c93dd67ce58637ef4",1